Time (h),Air temperature1 (degC)
1,3.6
2,2.6
3,2.2
4,1.8
5,1.1
6,1.5
7,2.8
8,7.9
9,8.6
10,8.8
11,8.8
12,9.7
13,9.4
14,9.6
15,9.1
16,8.8
17,7.3
18,7.5
19,7.1
20,6.7
21,6.3
22,5.9
23,5.3
24,4.2
25,4.7
26,5
27,4.4
28,4
29,3.2
30,2.7
31,3.9
32,5.8
33,6.9
34,7.2
35,7.9
36,7.9
37,8
38,7.9
39,7.7
40,6.6
41,4.6
42,2.7
43,2
44,1.8
45,0.8
46,0.2
47,-0.6
48,-1.2
49,-1.6
50,-1.5
51,-0.9
52,-0.1
53,0.4
54,3.7
55,4.1
56,4.5
57,4.4
58,5.2
59,7
60,5.7
61,6.9
62,6.5
63,6.5
64,6.3
65,5.5
66,4.9
67,4.2
68,3.7
69,3.1
70,2.5
71,2.4
72,2.4
73,2.3
74,2.4
75,2
76,2.4
77,2.6
78,2.7
79,3
80,2.9
81,4
82,4.2
83,4.8
84,5.2
85,5.4
86,6
87,6
88,6.2
89,4.1
90,2.9
91,2.3
92,1.7
93,1.6
94,1.5
95,1.1
96,1.7
97,2.7
98,3.7
99,4
100,4.1
101,4.8
102,5.5
103,6.3
104,8.2
105,8.3
106,8.9
107,9
108,9.9
109,9.6
110,9.8
111,9.9
112,9.6
113,8.8
114,7.8
115,7.5
116,7.1
117,5.8
118,5.4
119,6
120,6.9
121,7.1
122,7.2
123,7.1
124,6.3
125,6.7
126,6.9
127,6.4
128,8.5
129,9.7
130,10.1
131,9.5
132,9.4
133,9.8
134,9.9
135,9.5
136,9.3
137,8.4
138,7.3
139,8
140,7.5
141,4.9
142,5
143,4.1
144,0.8
145,-0.3
146,-0.6
147,-0.7
148,-1.1
149,-1.1
150,0.1
151,1.2
152,3.6
153,4.9
154,5.8
155,6.2
156,6.6
157,6.7
158,6.6
159,6.5
160,5.9
161,2.6
162,0.7
163,-0.2
164,-1
165,-1.6
166,-2
167,-2.2
168,-2.4
169,-1.3
170,-0.5
171,-0.2
172,-0.4
173,1.2
174,1.6
175,2.6
176,4.1
177,5.4
178,5.8
179,5.5
180,5.7
181,7.2
182,7.5
183,7.9
184,8
185,7.9
186,7.5
187,6.2
188,6.1
189,6.5
190,5.8
191,4.9
192,4.8
193,3.8
194,5
195,5.6
196,5.8
197,6.9
198,7.3
199,8.2
200,9
201,9.6
202,1
203,10.3
204,10.7
205,10.7
206,10.7
207,10.7
208,10.8
209,10.8
210,10.8
211,10.7
212,10.4
213,10.3
214,10.1
215,10.2
216,10.4
217,9.6
218,9.3
219,9.1
220,9.3
221,9.4
222,8.9
223,9.2
224,9.1
225,9.9
226,9.9
227,10.2
228,10.2
229,9.9
230,9.6
231,9.6
232,8.5
233,7.4
234,7.6
235,6.1
236,6.1
237,5.7
238,5.4
239,6
240,6.3
241,6.5
242,7.1
243,7.7
244,7.8
245,7.8
246,8.8
247,9.5
248,10.2
249,11
250,12.1
251,12.7
252,12.5
253,12.1
254,11.8
255,11.4
256,11.4
257,11.1
258,11.2
259,11.5
260,11.4
261,10.9
262,10.9
263,10.5
264,10.3
265,10.5
266,10.6
267,10.1
268,10.2
269,10.2
270,10.3
271,10.9
272,11
273,11.2
274,11.7
275,12.3
276,13
277,13.3
278,13.6
279,13.4
280,12.6
281,11.6
282,11.3
283,10.8
284,11.1
285,11.7
286,11.6
287,11.4
288,11.4
289,11.3
290,11.2
291,11.1
292,10.9
293,11.1
294,11.2
295,11.5
296,11.9
297,12.2
298,13
299,13.8
300,14.7
301,15.8
302,16.4
303,16.1
304,15.2
305,15
306,14.8
307,15.1
308,15.7
309,16.4
310,16.2
311,15.5
312,15
313,15.4
314,15.7
315,15.2
316,14.5
317,14.7
318,14.5
319,14.5
320,15
321,15.9
322,16.9
323,17.6
324,18.8
325,18.4
326,17.6
327,16.5
328,14.7
329,13.9
330,13.4
331,13.1
332,12.9
333,13.2
334,13.5
335,13.2
336,12.7
337,12.3
338,12.1
339,12.2
340,12
341,11.7
342,11.4
343,11.3
344,11.5
345,11.9
346,12.3
347,11.8
348,11.7
349,11.6
350,11.7
351,11.5
352,11.4
353,11.2
354,10.7
355,10.3
356,10.3
357,10.4
358,10.5
359,10.4
360,10.2
361,9.8
362,9.2
363,8.3
364,8.1
365,8.1
366,7.9
367,7.6
368,8.1
369,8.7
370,9.6
371,9.9
372,10.1
373,9.6
374,1
375,9.6
376,8.9
377,7.7
378,6.3
379,5.2
380,4.4
381,3.8
382,3.6
383,3.7
384,3.2
385,2.9
386,3.2
387,3.9
388,4.9
389,5.3
390,5.9
391,6.5
392,7.1
393,7.4
394,8.4
395,9.5
396,10.2
397,10.3
398,10.3
399,10.4
400,10.4
401,10.4
402,10.9
403,11.1
404,11.4
405,11.4
406,11.2
407,11.2
408,10.6
409,10.2
410,9.9
411,9.5
412,9.5
413,9.1
414,8.4
415,8.9
416,8.9
417,9.2
418,9.4
419,9.7
420,9.7
421,9.8
422,9.7
423,9.7
424,9.4
425,9.5
426,9.6
427,9.8
428,9.5
429,9.3
430,8.9
431,8.7
432,8.5
433,8.5
434,8.3
435,8.2
436,8.1
437,8.1
438,8.3
439,8
440,8.2
441,8.5
442,8.8
443,9.1
444,9.2
445,9.3
446,9.3
447,9
448,8
449,6.7
450,5
451,3.9
452,3.7
453,3.6
454,3.7
455,3.7
456,3.5
457,3.1
458,3.8
459,4.1
460,4.1
461,3.8
462,3.8
463,4.2
464,5.2
465,6
466,7.9
467,8.5
468,9.4
469,9.7
470,9.7
471,9.7
472,8.3
473,7.3
474,5.1
475,4.5
476,3.1
477,2.7
478,2.1
479,2
480,1.9
481,2.4
482,1.9
483,2.8
484,3.9
485,4.2
486,5
487,6.2
488,6.6
489,6.8
490,7.9
491,8.1
492,8.8
493,8.7
494,8.5
495,8.5
496,8.2
497,8.5
498,8.7
499,9
500,8.9
501,8.6
502,7.8
503,7.5
504,7.1
505,6.5
506,6.6
507,6.9
508,7.9
509,7.3
510,7
511,7.1
512,7.1
513,8.1
514,8.3
515,8.8
516,8.4
517,8.3
518,8.2
519,7.5
520,7.3
521,7.5
522,7.8
523,7.4
524,7
525,6.7
526,6.2
527,5.7
528,5.6
529,5.7
530,5.8
531,5
532,2.6
533,-0.2
534,-0.5
535,-0.6
536,-0.4
537,3.2
538,5.8
539,6
540,6.5
541,6.7
542,6
543,4.2
544,2.5
545,0.7
546,-0.2
547
548,0.8
549,1.9
550,-0.6
551,-1.5
552,-1.7
553,-1.6
554,-1.5
555,-1.4
556,-1.5
557,-2.3
558,-2.3
559,-1.9
560,0.3
561,2.6
562,3.8
563,4.2
564,4.5
565,4.5
566,4.4
567,4.5
568,2.9
569,2.5
570,1.8
571,0.7
572,-0.1
573,0.8
574,5.9
575,5.5
576,5.3
577,5.1
578,5.1
579,3.6
580,3.3
581,2.9
582,1.7
583,1.3
584,1.6
585,3.9
586,3.5
587,3.1
588,2.9
589,2.4
590,2.2
591,2.5
592,2.4
593,2
594,1.9
595,1.8
596,1.4
597,1.5
598,1.2
599,0.3
600,0.5
601,0.4
602,0.4
603,0.2
604,-0.2
605,-0.3
606,-0.1
607,0.3
608,0.5
609,0.8
610,1.7
611,2.5
612,2.8
613,2.9
614,2.5
615,1.8
616,0.6
617,-0.5
618,-1.5
619,-1.2
620,-1.1
621,-1.7
622,-1.3
623,-0.7
624,-1.1
625,-1.6
626,-2.4
627,-3
628,-3.5
629,-2.6
630,-1.8
631,-0.4
632,0.1
633,0.7
634,0.8
635,0.5
636,-1.7
637,-1
638,-0.2
639,-0.2
640,-0.7
641,-1.1
642,-1.5
643,-1.7
644,-1.8
645,-1.7
646,-1.5
647,-1.3
648,-1.4
649,-0.5
650,-1.4
651,-2.7
652,-2.9
653,-2.6
654,-4.5
655,-4.2
656,-4.1
657,-1.3
658,-0.4
659,0.3
660,1
661,1.5
662,1.4
663,0.7
664,-2.2
665,-3
666,-3.7
667,-2.8
668,-3.9
669,-4.4
670,-5.6
671,-5.9
672,-6.2
673,-6.5
674,-7.1
675,-7.7
676,-7.9
677,-8.2
678,-8.2
679,-7.7
680,-7.3
681,-5.1
682,-3
683,-2.1
684,-1.5
685,-1.4
686,-2.9
687,-4.1
688,-6.4
689,-5.8
690,-5
691,-4.4
692,-4.2
693,-4.6
694,-5.3
695,-5.4
696,-5.6
697,-5.8
698,-5.6
699,-5.1
700,-3.6
701,-2.7
702,-2.9
703,-3
704,-2.6
705,-1.9
706,-1.1
707,-0.5
708,0.3
709,0.5
710,0.3
711,0.6
712,0.6
713,0.5
714,0.9
715,1.2
716,1
717,1.1
718,1.1
719,1.3
720,1.6
721,2
722,2.4
723,2.7
724,3.1
725,3.4
726,3.8
727,4.2
728,4.7
729,5.2
730,5.3
731,5.6
732,6
733,6.3
734,6.9
735,7.1
736,7.5
737,7.4
738,7.7
739,7.9
740,7.8
741,7.7
742,7.7
743,7.7
744,7.4
745,7.4
746,7.7
747,7.8
748,7.6
749,7.3
750,6.6
751,6
752,5.8
753,6.6
754,7.5
755,8.6
756,8.4
757,8.1
758,7.1
759,5.7
760,3.2
761,3.5
762,3.8
763,3
764,2
765,1.2
766,0.8
767,1.9
768,2.2
769,1.5
770,1.3
771,1.2
772,1.7
773,2.2
774,2.6
775,2.9
776,3.2
777,3.7
778,4.1
779,4.5
780,4.9
781,5.4
782,5.6
783,6.1
784,6.5
785,6.8
786,7.1
787,7.3
788,7.9
789,8.7
790,8.8
791,8.6
792,8.4
793,8.1
794,8.1
795,7.8
796,7.5
797,7.2
798,6.5
799,6.2
800,6.1
801,6.2
802,6.5
803,6.6
804,6.6
805,6.4
806,6
807,5.5
808,4.8
809,4.8
810,4.7
811,3.5
812,2.8
813,2.2
814,1.6
815,1.7
816,1.2
817,1.9
818,2.7
819,3.3
820,4.2
821,4.5
822,5
823,5.4
824,5.6
825,6.1
826,6.6
827,7.1
828,7.7
829,7.8
830,7.9
831,7.7
832,7.5
833,7.2
834,7.2
835,6.9
836,6.7
837,6.4
838,6.4
839,6.1
840,5.9
841,5.7
842,5.8
843,5.8
844,5.6
845,5.8
846,6
847,6
848,5.8
849,6.3
850,6.9
851,7.3
852,7.4
853,7.1
854,6.9
855,6.8
856,6.5
857,6.8
858,6.8
859,6.4
860,6.4
861,6.6
862,7.5
863,7.6
864,7.5
865,7.3
866,7.4
867,7.5
868,7.3
869,7.2
870,7.1
871,7
872,6.9
873,6.8
874,7
875,7.1
876,7.1
877,7
878,7.1
879,6.9
880,6.8
881,6.6
882,6.4
883,6.1
884,6.1
885,5.6
886,5.4
887,5.4
888,5.3
889,5.3
890,5
891,4.9
892,4.9
893,5.1
894,5.3
895,5.5
896,5.6
897,6
898,6.3
899,6.6
900,6.9
901,6.9
902,7
903,6.9
904,6.7
905,6.6
906,6.5
907,6.4
908,6.4
909,6.3
910,6.2
911,6
912,5.9
913,5.9
914,5.8
915,5.8
916,5.8
917,5.7
918,5.6
919,5.6
920,5.6
921,5.8
922,6
923,6.3
924,6.6
925,6.7
926,6.9
927,6.9
928,6.9
929,7
930,6.7
931,6.3
932,6
933,5.9
934,6
935,5.8
936,5.9
937,5.8
938,5.8
939,5.7
940,5.6
941,5.7
942,5.7
943,5.7
944,5.8
945,5.9
946,5.9
947,6
948,6.1
949,6.3
950,6.2
951,6.1
952,6
953,5.9
954,5.8
955,5.7
956,5.6
957,5.5
958,5.3
959,5.4
960,5.4
961,5.3
962,5
963,4.9
964,4.8
965,4.8
966,4.7
967,4.4
968,4.2
969,4.1
970,4.2
971,4.2
972,4.2
973,4.1
974,4.1
975,4
976,3.9
977,4
978,4
979,4
980,4
981,4.1
982,4.1
983,4.1
984,3.8
985,3.8
986,3.9
987,4.1
988,4.2
989,4.4
990,4.6
991,4.7
992,4.4
993,4.8
994,5.2
995,5.5
996,5.7
997,5.6
998,5.4
999,5.5
1000,5.8
1001,5.7
1002,5.5
1003,5.1
1004,5
1005,4.9
1006,5
1007,5.1
1008,4.9
1009,5.1
1010,5.2
1011,5
1012,5.1
1013,5.2
1014,5.4
1015,5.2
1016,5.1
1017,5.1
1018,5.4
1019,5.6
1020,5.8
1021,5.7
1022,5.7
1023,5.9
1024,6.1
1025,6.1
1026,6.2
1027,6.4
1028,6.7
1029,7.2
1030,7.8
1031,8.1
1032,8.1
1033,7.9
1034,7.7
1035,7.6
1036,7.4
1037,7.2
1038,7.1
1039,7.1
1040,7.2
1041,7
1042,6.9
1043,6.8
1044,6.8
1045,6.7
1046,6.6
1047,6.6
1048,6.5
1049,6.4
1050,6.3
1051,6.2
1052,6.3
1053,6.1
1054,6.3
1055,6.1
1056,6.2
1057,6.1
1058,5.8
1059,5.8
1060,5.7
1061,5.4
1062,4.9
1063,4.2
1064,3.5
1065,3.5
1066,3.8
1067,3.6
1068,3.5
1069,4.1
1070,4.5
1071,4.6
1072,4.5
1073,4.2
1074,4.1
1075,4.3
1076,4.8
1077,5.1
1078,5.2
1079,5
1080,5.5
1081,5.8
1082,5.9
1083,5.7
1084,5.5
1085,5.4
1086,5.6
1087,6.1
1088,7
1089,7.1
1090,7.4
1091,7.5
1092,7.7
1093,7.7
1094,8
1095,8.1
1096,8.2
1097,8.2
1098,8
1099,7.9
1100,8
1101,8.2
1102,8.1
1103,8.2
1104,8.5
1105,8.5
1106,8.8
1107,8.6
1108,8.5
1109,8.6
1110,8.8
1111,9
1112,9
1113,8.6
1114,8.4
1115,8.6
1116,8.2
1117,7.9
1118,7.4
1119,6.9
1120,6.9
1121,6.8
1122,6.8
1123,6.5
1124,6.3
1125,6.1
1126,6.8
1127,7.3
1128,8.8
1129,8.6
1130,7.9
1131,7.8
1132,7.7
1133,7.9
1134,7.8
1135,7
1136,6.9
1137,7.2
1138,7.3
1139,7.9
1140,8
1141,7.9
1142,7.1
1143,6.7
1144,5.9
1145,5.7
1146,6.5
1147,6.9
1148,6.9
1149,6.7
1150,6.5
1151,6.4
1152,6
1153,5.8
1154,5.9
1155,6
1156,5.8
1157,4.8
1158,4.1
1159,3.9
1160,4
1161,3.9
1162,3.3
1163,3.7
1164,3.5
1165,3
1166,2.7
1167,2.4
1168,2.3
1169,2.1
1170,1.7
1171,1.5
1172,0.9
1173,-0.1
1174,-1.4
1175,-2.2
1176,-2.9
1177,-3.6
1178,-4.1
1179,-4.6
1180,-4.9
1181,-5.5
1182,-5.4
1183,-5.8
1184,-6
1185,-5.4
1186,-3.1
1187,-2.3
1188,-1.5
1189,-1.3
1190,-1.9
1191,-2.7
1192,-3.1
1193,-3.3
1194,-3
1195,-2.6
1196,-2.5
1197,-2.4
1198,-1.2
1199,-0.4
1200,2.4
1201,2.4
1202,2.7
1203,2.3
1204,2.5
1205,2.9
1206,3.1
1207,2.9
1208,2
1209,0.3
1210,1.5
1211,2.1
1212,3.4
1213,3.9
1214,3.6
1215,2.9
1216,2
1217,1.6
1218,1.6
1219,1.8
1220,0.6
1221,1.4
1222,-0.8
1223,-0.5
1224,-0.9
1225,-0.9
1226,-1.4
1227,-2.6
1228,-2.8
1229,-3
1230,-3.7
1231,-3.3
1232,-3.3
1233,-3.1
1234,-2
1235,0.3
1236,2.4
1237,3
1238,3.3
1239,3.5
1240,3.4
1241,3.3
1242,3.5
1243,3
1244,2.4
1245,2.3
1246,2.5
1247,2.1
1248,0.1
1249,-1.8
1250,-0.8
1251,-2.9
1252,-4
1253,-4.8
1254,-5.1
1255,-5.4
1256,-5.4
1257,-5.4
1258,-2.9
1259,-1.8
1260,-0.1
1261
1262,-1.4
1263,-3.1
1264,-3.8
1265,-4.6
1266,-5.2
1267,-5
1268,-5.5
1269,-5.9
1270,-6.2
1271,-6.6
1272,-6.7
1273,-7
1274,-5
1275,-3.3
1276,-1.6
1277,-0.9
1278,0.2
1279,0.7
1280,1.2
1281,0.3
1282,0.3
1283,0.6
1284,0.5
1285,1.1
1286,1
1287,1.6
1288,2
1289,2.1
1290,2.6
1291,2.6
1292,2.6
1293,2.5
1294,2.4
1295,2
1296,1.8
1297,1.8
1298,1.5
1299,1.1
1300,0.9
1301,0.7
1302,0.4
1303,0.4
1304,0.1
1305,0.2
1306,0.9
1307,1.5
1308,3.2
1309,3
1310,2.3
1311,1.4
1312,-0.7
1313,0.5
1314,0.2
1315,0.1
1316,0.1
1317,-1.5
1318,-2.7
1319,-1
1320,-0.7
1321,-0.7
1322,-0.5
1323,-0.6
1324,-1.2
1325,-2
1326,-1.9
1327,-3.2
1328,-1.8
1329,-4.1
1330,-3.8
1331,0.1
1332,0.6
1333,0.4
1334
1335,-1
1336,-0.6
1337,-2.8
1338,-5
1339,-5.8
1340,-6.2
1341,-6.6
1342,-7.2
1343,-7.3
1344,-7.6
1345,-7.7
1346,-7.1
1347,-0.4
1348,-0.4
1349,-1.1
1350,-1.1
1351,-2.7
1352,-1.7
1353,-2
1354,-1
1355,-0.4
1356,0.2
1357
1358,-0.3
1359,-1
1360,-1.3
1361,-1
1362,-0.8
1363,-0.7
1364,-1
1365,-0.8
1366,-1.1
1367,-1.2
1368,-2
1369,-2.1
1370,-2.3
1371,-2.6
1372,-2.7
1373,-2.6
1374,-1.7
1375,-0.9
1376,-0.7
1377,-0.9
1378,-0.8
1379,-0.7
1380
1381,-0.3
1382,-0.1
1383,-0.2
1384,-0.1
1385,-1
1386,-1
1387,-1.2
1388,-1.3
1389,-2.1
1390,-2.2
1391,-4.1
1392,-5.8
1393,-4.2
1394,-5.5
1395,-5.4
1396,-6
1397,-6.3
1398,-6.7
1399,-6.4
1400,-6.9
1401,-7.1
1402,-6.4
1403,-5.2
1404,-3.6
1405,-2.7
1406,-2.6
1407,-1.1
1408,0.8
1409,1.4
1410,1.3
1411,1.4
1412,1
1413,1
1414,1
1415,0.9
1416,1.1
1417,0.8
1418,1.2
1419,2.3
1420,2.6
1421,2.8
1422,2.9
1423,3.3
1424,3.4
1425,3.6
1426,3.8
1427,3.7
1428,3.8
1429,3.9
1430,3.8
1431,3.4
1432,2.5
1433,2.3
1434,2.7
1435,2.6
1436,2.7
1437,2.6
1438,2.5
1439,2.2
1440,2.5
1441,2.9
1442,3.3
1443,3.5
1444,3.4
1445,3.4
1446,3.7
1447,4.3
1448,4.2
1449,4.5
1450,4.8
1451,4.7
1452,4.7
1453,4.7
1454,4.7
1455,4.5
1456,4.4
1457,4.6
1458,4.7
1459,4.7
1460,4.5
1461,4.4
1462,4.4
1463,4.2
1464,3.9
1465,3.8
1466,3.7
1467,3.6
1468,3.8
1469,3.4
1470,3.2
1471,3.3
1472,3
1473,2.7
1474,2.4
1475,2
1476,2
1477,1.3
1478,0.8
1479,0.5
1480,0.4
1481,0.3
1482,0.1
1483
1484,-0.4
1485,-0.6
1486,-0.6
1487,-0.5
1488,-0.3
1489,-0.2
1490,-0.2
1491,-0.5
1492,-0.4
1493,-0.3
1494,-0.4
1495,-0.5
1496,-0.5
1497,-0.2
1498,-0.3
1499,-0.2
1500,-0.2
1501,-0.1
1502,-0.1
1503,-0.1
1504,-0.4
1505,-0.4
1506,-0.3
1507,-0.1
1508
1509,0.1
1510,0.2
1511,0.2
1512,0.3
1513,0.3
1514,0.1
1515,0.3
1516,0.4
1517,0.6
1518,0.6
1519,0.4
1520,0.2
1521,0.1
1522,0.3
1523,0.3
1524,0.2
1525,-0.2
1526,-0.4
1527,-0.6
1528,-0.9
1529,-0.9
1530,-0.7
1531,-0.6
1532,-0.7
1533,-1.1
1534,-1
1535,-1.1
1536,-1.3
1537,-1.1
1538,-1
1539,-1
1540,-1
1541,-0.9
1542,-0.6
1543,-0.4
1544,-0.1
1545,0.2
1546,0.5
1547,0.9
1548,1.3
1549,1.4
1550,1.5
1551,1.8
1552,1.8
1553,1.9
1554,1.9
1555,2.1
1556,2.2
1557,2.4
1558,2.5
1559,2.4
1560,2.5
1561,2.6
1562,2.7
1563,2.6
1564,2.3
1565,2.6
1566,1.4
1567,1.3
1568,0.4
1569
1570,0.1
1571,0.1
1572,0.3
1573,0.6
1574,0.6
1575,0.6
1576,0.6
1577,0.8
1578,1.8
1579,1.4
1580,1.4
1581,1.7
1582,2.1
1583,1.8
1584,2.1
1585,2
1586,1.9
1587,1.6
1588,1.3
1589,1.3
1590,1.1
1591,1
1592,0.9
1593,0.7
1594,0.7
1595,1
1596,1
1597,0.6
1598
1599,-1.1
1600,-1.3
1601,-0.6
1602,-0.9
1603,-2.2
1604,-3.1
1605,-4.3
1606,-4.3
1607,-4.2
1608,-5.1
1609,-4.8
1610,-4.5
1611,-4.1
1612,-3.2
1613,-2.7
1614,-2.2
1615,-2.1
1616,-1.7
1617,-1.5
1618,-0.9
1619,-0.5
1620,0.1
1621,0.5
1622,0.7
1623,0.6
1624,0.5
1625,0.2
1626,0.1
1627,0.1
1628,0.1
1629
1630,-0.2
1631,-0.1
1632
1633
1634
1635,-0.1
1636,-0.1
1637,-0.1
1638,-0.1
1639
1640,-0.1
1641,-0.2
1642,-0.2
1643,-0.1
1644,0.1
1645,0.3
1646,0.5
1647,0.5
1648,0.5
1649,0.4
1650,0.4
1651,0.4
1652,0.4
1653,0.5
1654,0.7
1655,1.2
1656,1.4
1657,1.8
1658,1.8
1659,1.7
1660,2.1
1661,2.2
1662,2.3
1663,2.5
1664,2.6
1665,3
1666,3.4
1667,3.4
1668,3.2
1669,3
1670,3.2
1671,3.1
1672,3.2
1673,3
1674,3.1
1675,3.1
1676,3.3
1677,3.6
1678,3.8
1679,3.5
1680,3.7
1681,3.7
1682,3.6
1683,3.4
1684,3.2
1685,2.9
1686,2.5
1687,1.8
1688,1.5
1689,1.8
1690,1.7
1691,2
1692,2
1693,2.1
1694,1.9
1695,1.8
1696,1.7
1697,1.6
1698,1.5
1699,1.4
1700,1.4
1701,1.3
1702,1.2
1703,1.1
1704,1.1
1705,1.1
1706,1.2
1707,1.2
1708,1.3
1709,1.4
1710,1.3
1711,1.6
1712,1.8
1713,2
1714,1.8
1715,1.1
1716,1
1717,1
1718,0.7
1719,0.6
1720,0.5
1721,0.5
1722,0.3
1723,0.3
1724,0.2
1725,0.2
1726,0.4
1727,0.5
1728,0.6
1729,0.3
1730,-0.3
1731,-0.7
1732,-0.5
1733,-0.3
1734,-0.6
1735,-0.6
1736,-0.6
1737,-0.5
1738,-0.2
1739,-0.1
1740,-0.3
1741,-0.1
1742,-0.3
1743,-0.4
1744,-0.6
1745,-0.6
1746,-0.7
1747,-0.6
1748,-0.7
1749,-1.2
1750,-1.1
1751,-0.9
1752,-1.8
1753,-2.3
1754,-1.7
1755,-1.5
1756,-1.3
1757,-1.6
1758,-3.3
1759,-3.7
1760,-3.6
1761,-3.1
1762,-2.7
1763,-2.5
1764,-2.6
1765,-2.6
1766,-2.6
1767,-2.6
1768,-2.6
1769,-2.6
1770,-2.4
1771,-2.5
1772,-2.5
1773,-2.5
1774,-2.6
1775,-2.5
1776,-2.4
1777,-2.3
1778,-2.7
1779,-3
1780,-3
1781,-3
1782,-3.3
1783,-4
1784,-4.2
1785,-3.5
1786,-2.9
1787,-2.6
1788,-2.3
1789,-2.4
1790,-2.4
1791,-2.4
1792,-2.5
1793,-2.7
1794,-2.6
1795,-2.6
1796,-2.9
1797,-2.8
1798,-3
1799,-2.7
1800,-2.4
1801,-2.4
1802,-2.5
1803,-2.5
1804,-2.4
1805,-2.4
1806,-2.3
1807,-2.5
1808,-2.6
1809,-2.5
1810,-2.9
1811,-2.9
1812,-2.5
1813,-2.1
1814,-1.9
1815,-2
1816,-2.1
1817,-2.1
1818,-2.1
1819,-2.2
1820,-2.4
1821,-2.5
1822,-2.6
1823,-2.7
1824,-2.8
1825,-3
1826,-3.3
1827,-3.6
1828,-4
1829,-4.5
1830,-4.9
1831,-5.1
1832,-5.3
1833,-5.5
1834,-5.5
1835,-5.1
1836,-4.9
1837,-4.6
1838,-4.3
1839,-4.3
1840,-4.2
1841,-4.3
1842,-5.1
1843,-5.9
1844,-6.3
1845,-6.5
1846,-5.6
1847,-5.6
1848,-5.5
1849,-5.5
1850,-5.4
1851,-5.2
1852,-5
1853,-4.8
1854,-4.6
1855,-4.1
1856,-3.8
1857,-3.4
1858,-3.2
1859,-3
1860,-2.6
1861,-3.3
1862,-3.4
1863,-2.9
1864,-2.3
1865,-2.3
1866,-2.3
1867,-2.3
1868,-1.8
1869,-1.6
1870,-1.4
1871,-1
1872,-1.1
1873,-0.9
1874,-0.8
1875,-0.8
1876,-0.6
1877,-0.6
1878,-0.6
1879,-0.6
1880,-0.6
1881,-0.5
1882,-0.5
1883,-0.6
1884,-0.3
1885,-0.6
1886,-0.6
1887,-0.6
1888,-0.7
1889,-0.8
1890,-0.7
1891,-0.8
1892,-1.2
1893,-1.5
1894,-1.6
1895,-2
1896,-1.8
1897,-1.9
1898,-2.2
1899,-2.2
1900,-2.3
1901,-2.3
1902,-2
1903,-1.8
1904,-1.9
1905,-1.7
1906,-1.3
1907,-1.1
1908,-0.9
1909,-0.9
1910,-0.9
1911,-1.1
1912,-1.4
1913,-1.9
1914,-2.4
1915,-2.5
1916,-2.5
1917,-2.5
1918,-2.6
1919,-2.7
1920,-2.7
1921,-3.3
1922,-3.1
1923,-5
1924,-5.5
1925,-6.2
1926,-4.5
1927,-3.8
1928,-3.5
1929,-3.7
1930,-3.3
1931,-3.8
1932,-3.4
1933,-3.6
1934,-3.8
1935,-3.4
1936,-3.5
1937,-3.4
1938,-3.5
1939,-3.5
1940,-3.5
1941,-3.6
1942,-3.8
1943,-4.1
1944,-4.7
1945,-5.2
1946,-5.3
1947,-5.6
1948,-5.6
1949,-5.9
1950,-6.2
1951,-7.4
1952,-8.3
1953,-8.8
1954,-8.7
1955,-8.1
1956,-7.7
1957,-7.4
1958,-7.5
1959,-7.7
1960,-7.9
1961,-8.3
1962,-9
1963,-10.1
1964,-11
1965,-11.7
1966,-12.3
1967,-12.6
1968,-12.7
1969,-13
1970,-12.8
1971,-12.5
1972,-12.2
1973,-12
1974,-11.5
1975,-11.1
1976,-10.8
1977,-10.6
1978,-10.4
1979,-10
1980,-9.8
1981,-10.1
1982,-10.2
1983,-10.3
1984,-10.1
1985,-10.3
1986,-10.2
1987,-10.1
1988,-10
1989,-10
1990,-10.1
1991,-10.9
1992,-10.6
1993,-10.5
1994,-10.6
1995,-10.9
1996,-10.9
1997,-11
1998,-11.3
1999,-12.2
2000,-11.9
2001,-12.2
2002,-12.8
2003,-12.5
2004,-11.8
2005,-11.9
2006,-12.7
2007,-11.5
2008,-11.6
2009,-10.9
2010,-10.6
2011,-10.6
2012,-11.9
2013,-10.2
2014,-10.1
2015,-10.9
2016,-10
2017,-8.2
2018,-9.1
2019,-9.5
2020,-8.9
2021,-8.3
2022,-7.8
2023,-7.9
2024,-6.6
2025,-4.7
2026,-3.5
2027,-3.1
2028,-2.2
2029,-2.7
2030,-3
2031,-1
2032,-1.1
2033,-0.7
2034,-0.2
2035,0.3
2036,0.6
2037,0.8
2038,1
2039,0.9
2040,1
2041,1.1
2042,0.5
2043,0.3
2044,0.2
2045,0.4
2046,0.8
2047,1.2
2048,1.3
2049,1.5
2050,2.5
2051,2
2052,2.1
2053,2.4
2054,2.9
2055,3.2
2056,3.7
2057,3.7
2058,3.6
2059,2.9
2060,2.2
2061,1.8
2062,1.6
2063,2.1
2064,2.3
2065,2.4
2066,2.9
2067,2.8
2068,2.6
2069,2.1
2070,1.9
2071,1.9
2072,1.8
2073,1.6
2074,1.5
2075,1.4
2076,1.6
2077,1.3
2078,0.6
2079,0.2
2080,-0.2
2081,-0.3
2082,-1
2083,-0.4
2084,-2
2085,-2
2086,-1.1
2087,-0.7
2088,0.1
2089,-0.2
2090,0.1
2091,0.2
2092,0.3
2093,0.6
2094,0.6
2095,0.9
2096,0.7
2097,0.1
2098
2099,0.6
2100,1.6
2101,0.2
2102,0.9
2103,1.7
2104,3.2
2105,2.7
2106,2.2
2107,1.9
2108,1.3
2109,1
2110,-1.1
2111,-2.2
2112,-2.3
2113,-1.3
2114,0.7
2115,0.2
2116,0.4
2117,0.2
2118,0.5
2119,0.3
2120,0.6
2121
2122,0.1
2123
2124,0.2
2125,0.1
2126,-0.6
2127,-0.5
2128,-2.7
2129,-3.8
2130,-4.8
2131,-4.9
2132,-5
2133,-5.4
2134,-6.2
2135,-6.3
2136,-5.4
2137,-3.8
2138,-2
2139,-0.9
2140,-0.3
2141,0.5
2142,0.7
2143,1.1
2144,2
2145,1.8
2146,1.8
2147,1.9
2148,2
2149,1.6
2150,1.8
2151,1.8
2152,1.7
2153,1.7
2154,1.6
2155,1.6
2156,1.7
2157,1.6
2158,1.4
2159,1.3
2160,0.6
2161,0.4
2162,0.4
2163,-0.2
2164,-0.2
2165,-0.5
2166,-0.7
2167,-2.1
2168,-3.5
2169,-3.7
2170,-4.8
2171,-3.4
2172,-4.5
2173,-4.2
2174,-3
2175,-4.1
2176,-3.5
2177,-1.9
2178,-2.1
2179,-4.3
2180,-6.3
2181,-7.6
2182,-8.6
2183,-8.7
2184,-9.6
2185,-10
2186,-7.5
2187,-7.2
2188,-7.7
2189,-7.6
2190,-6
2191,-4
2192,-3.5
2193,-2.8
2194,-3
2195,-3.3
2196,-3.1
2197,-2.4
2198,-2.2
2199,-1.7
2200,-1.3
2201
2202,0.3
2203,0.4
2204,0.3
2205,0.6
2206,1.1
2207,1.4
2208,1.7
2209,1.7
2210,1.8
2211,1.6
2212,1.4
2213,0.4
2214,0.5
2215,0.4
2216,0.2
2217,0.2
2218,0.3
2219,0.5
2220,1.2
2221,1.7
2222,0.6
2223,-0.2
2224,-0.7
2225,-1.4
2226,-1.7
2227,-1.7
2228,-1.6
2229,-1.4
2230,-1
2231,-0.2
2232,-0.6
2233,-0.9
2234,-1.5
2235,-2.2
2236,-2.3
2237,-2.4
2238,-2.4
2239,-2.4
2240,-2.3
2241,-2.2
2242,-2.1
2243,-2.4
2244,-2.5
2245,-2.6
2246,-2.9
2247,-3.4
2248,-3.8
2249,-3.7
2250,-3.3
2251,-3.6
2252,-2.8
2253,-2.9
2254,-4.3
2255,-4.8
2256,-5.2
2257,-6.3
2258,-8
2259,-7.5
2260,-6.5
2261,-7.4
2262,-8.4
2263,-9.4
2264,-10.1
2265,-10.9
2266,-10.5
2267,-9
2268,-8
2269,-7.1
2270,-6.1
2271,-5.2
2272,-4.6
2273,-4.3
2274,-2.9
2275,-1.6
2276,-0.5
2277
2278,0.7
2279,1.7
2280,2.6
2281,2.4
2282,2.4
2283,2.2
2284,3.1
2285,2.9
2286,3.5
2287,3.5
2288,2.8
2289,2
2290,1.7
2291,1.7
2292,1.8
2293,1.8
2294,1.6
2295,1.3
2296,1.2
2297,0.7
2298,-0.4
2299,-0.8
2300,-0.8
2301,-0.7
2302,-1
2303,-1.3
2304,-1.5
2305,-1.5
2306,-1.5
2307,-1.4
2308,-1.4
2309,-1.6
2310,-1.6
2311,-1.6
2312,-1.5
2313,-1.8
2314,-2
2315,-1.7
2316,-0.9
2317,-1.1
2318,-1.5
2319,-1.1
2320,-1.4
2321,-2
2322,-1.6
2323,-2.8
2324,-2.3
2325,-2.2
2326,-3.1
2327,-4.2
2328,-3.5
2329,-2.5
2330,-2.5
2331,-2
2332,-1.5
2333,-1.7
2334,-0.9
2335,-0.8
2336,-0.4
2337,0.2
2338,0.5
2339,0.3
2340,0.7
2341,1.2
2342,1.4
2343,1.4
2344,1.4
2345,1.4
2346,1.7
2347,1.8
2348,2.2
2349,2.1
2350,2.2
2351,2.9
2352,2.9
2353,2.9
2354,2.4
2355,3.7
2356,3.5
2357,2.6
2358,2
2359,1.6
2360,1.5
2361,1.3
2362,1
2363,0.9
2364,0.8
2365,0.9
2366,0.7
2367,0.5
2368,0.1
2369,-1.4
2370,-2.2
2371,-2.2
2372,-2.7
2373,-2.1
2374,-2.5
2375,-2.1
2376,-2
2377,-1.8
2378,-2.1
2379,-2.1
2380,-2.1
2381,-1.8
2382,-1.7
2383,-1.3
2384,-1.1
2385,-1.1
2386,-1.3
2387,-1.7
2388,-1.9
2389,-2
2390,-2.3
2391,-3.1
2392,-3.5
2393,-2.9
2394,-3.2
2395,-2.8
2396,-3
2397,-3
2398,-3.5
2399,-4.6
2400,-5
2401,-6.5
2402,-5.1
2403,-7.4
2404,-7.9
2405,-8.1
2406,-8.2
2407,-4.5
2408,-3.1
2409,-2.6
2410,-1.9
2411,-1.7
2412,-1.8
2413,-1.8
2414,-2.3
2415,-2.2
2416,-2
2417,-1.7
2418,-2
2419,-2.1
2420,-2.5
2421,-2.6
2422,-2.6
2423,-2.8
2424,-3.1
2425,-3.4
2426,-3.7
2427,-4.1
2428,-4.5
2429,-4.7
2430,-4.7
2431,-5
2432,-4.9
2433,-5
2434,-4.7
2435,-4.1
2436,-3
2437,-2.5
2438,-1.9
2439,-1.6
2440,-1.1
2441,-0.2
2442
2443,0.3
2444,0.6
2445,0.8
2446,1.3
2447,1.7
2448,2.8
2449,3.1
2450,5.2
2451,3.1
2452,3.1
2453,2.8
2454,2.8
2455,2.4
2456,2.3
2457,2.5
2458,2.4
2459,2.7
2460,3.1
2461,3.1
2462,3.2
2463,2.8
2464,3.5
2465,4.3
2466,3.8
2467,3.9
2468,3.4
2469,3.3
2470,3.2
2471,2.8
2472,2.6
2473,2
2474,1.6
2475,1.2
2476,1.2
2477,1.1
2478,0.8
2479,0.7
2480,0.6
2481,0.3
2482,0.1
2483
2484,-0.2
2485,-0.6
2486,-1.2
2487,-1.6
2488,-2.2
2489,-2.9
2490,-3.3
2491,-6.1
2492,-7.1
2493,-7.4
2494,-8.1
2495,-8.5
2496,-8.1
2497,-7.8
2498,-8.4
2499,-8.6
2500,-9.3
2501,-9.3
2502,-9.6
2503,-10
2504,-9.8
2505,-8.7
2506,-7.3
2507,-5.6
2508,-4.9
2509,-3.7
2510,-2.9
2511,-2.1
2512,-1.8
2513,-1.5
2514,-1.5
2515,-1.3
2516,-1.3
2517,-1.5
2518,-1.5
2519,-1.4
2520,-1.7
2521,-2.5
2522,-3.1
2523,-3.7
2524,-3.7
2525,-3.5
2526,-3.4
2527,-3.3
2528,-3.4
2529,-3.8
2530,-3.7
2531,-3.6
2532,-3.6
2533,-3.8
2534,-3.9
2535,-4.2
2536,-4.3
2537,-4
2538,-4.1
2539,-4.2
2540,-4.2
2541,-4.1
2542,-3.8
2543,-3.8
2544,-3.2
2545,-2.9
2546,-2.5
2547,-2.3
2548,-2.6
2549,-2.4
2550,-2.3
2551,-2.4
2552,-2.6
2553,-2.6
2554,-2.9
2555,-3.1
2556,-3.2
2557,-3.3
2558,-3.5
2559,-3.6
2560,-4.1
2561,-4.1
2562,-4.2
2563,-4.2
2564,-4.8
2565,-5.1
2566,-5.4
2567,-5.8
2568,-6.3
2569,-6.6
2570,-6.3
2571,-6.3
2572,-5.8
2573,-6.2
2574,-6.2
2575,-6.1
2576,-6.5
2577,-7.1
2578,-6.8
2579,-6.3
2580,-5.9
2581,-5.7
2582,-6
2583,-6.8
2584,-6.7
2585,-6.9
2586,-7.7
2587,-7.8
2588,-7.6
2589,-7.9
2590,-8.5
2591,-9.8
2592,-10.2
2593,-10.2
2594,-10.3
2595,-10.3
2596,-10.2
2597,-9.7
2598,-9.4
2599,-8.9
2600,-9.1
2601,-9.6
2602,-8.9
2603,-8.3
2604,-8.1
2605,-7.8
2606,-7.2
2607,-6.9
2608,-6.4
2609,-7.3
2610,-7.2
2611,-7.4
2612,-7.8
2613,-9.5
2614,-9.8
2615,-9.8
2616,-10.7
2617,-11.9
2618,-12
2619,-12.2
2620,-12.3
2621,-12.1
2622,-12.9
2623,-12.4
2624,-11.9
2625,-11.7
2626,-11
2627,-10
2628,-9.3
2629,-8.6
2630,-8.7
2631,-9
2632,-9.4
2633,-9.2
2634,-8.9
2635,-11.2
2636,-12.8
2637,-13.8
2638,-13.8
2639,-14
2640,-14.5
2641,-14.8
2642,-15
2643,-15.3
2644,-14.3
2645,-8.5
2646,-14.4
2647,-15.6
2648,-15.2
2649,-15.7
2650,-12.9
2651,-12.6
2652,-10.9
2653,-9.5
2654,-8.4
2655,-7.2
2656,-6.1
2657,-7.1
2658,-7
2659,-7.3
2660,-6.5
2661,-7
2662,-7.1
2663,-6.7
2664,-5.6
2665,-6.2
2666,-6.7
2667,-7.2
2668,-7.7
2669,-7.7
2670,-8.1
2671,-8.1
2672,-7.7
2673,-8.2
2674,-8.4
2675,-7.3
2676,-7.3
2677,-7.4
2678,-8.2
2679,-8.4
2680,-9.1
2681,-8.7
2682,-9.1
2683,-8.4
2684,-8.2
2685,-8.2
2686,-7.9
2687,-8.5
2688,-8.5
2689,-11.5
2690,-12.1
2691,-12.7
2692,-13.3
2693,-15.4
2694,-16.1
2695,-16.3
2696,-13.7
2697,-14.6
2698,-13.4
2699,-12.8
2700,-12.4
2701,-12.1
2702,-12.7
2703,-14.7
2704,-15.6
2705,-16.5
2706,-16
2707,-12.8
2708,-10.9
2709,-10.7
2710,-13.2
2711,-13.4
2712,-14.9
2713,-15.4
2714,-16.2
2715,-16.1
2716,-15.8
2717,-16.7
2718,-15.5
2719,-14.6
2720,-14.2
2721,-15.5
2722,-12.8
2723,-11.2
2724,-9.8
2725,-8.9
2726,-7.9
2727,-6.5
2728,-5.9
2729,-4.9
2730,-4.6
2731,-4.3
2732,-4.3
2733,-3.9
2734,-3.8
2735,-3.4
2736,-3.7
2737,-3.5
2738,-4
2739,-3.7
2740,-3.8
2741,-4
2742,-3.4
2743,-3.3
2744,-4.3
2745,-4.4
2746,-4.4
2747,-4.7
2748,-4.8
2749,-4.8
2750,-4.7
2751,-5
2752,-5.2
2753,-5.3
2754,-5.7
2755,-6.7
2756,-8.6
2757,-9.8
2758,-10.3
2759,-10.8
2760,-11.5
2761,-12.2
2762,-12.7
2763,-12.6
2764,-12.5
2765,-12.7
2766,-13.1
2767,-13.5
2768,-13.7
2769,-13.7
2770,-13.7
2771,-12.9
2772,-12.4
2773,-12.4
2774,-12.3
2775,-12.5
2776,-12.5
2777,-12.2
2778,-12.4
2779,-12.6
2780,-12.4
2781,-12.1
2782,-11.6
2783,-10.8
2784,-10.3
2785,-10
2786,-9.7
2787,-9.3
2788,-8.8
2789,-8.2
2790,-7.8
2791,-7
2792,-6.5
2793,-5.7
2794,-5.4
2795,-5.2
2796,-5
2797,-5
2798,-4.8
2799,-4.5
2800,-4.3
2801,-4.2
2802,-3.9
2803,-3.8
2804,-3.9
2805,-4.3
2806,-4.8
2807,-5.3
2808,-5.4
2809,-5.7
2810,-6
2811,-7.3
2812,-6.9
2813,-7
2814,-7.3
2815,-7.6
2816,-7.7
2817,-8.4
2818,-8.7
2819,-9
2820,-9.3
2821,-9.7
2822,-10
2823,-10.7
2824,-11.6
2825,-12
2826,-12.6
2827,-13.8
2828,-14.8
2829,-15.6
2830,-16.1
2831,-16.5
2832,-16.7
2833,-17.2
2834,-18.1
2835,-18.4
2836,-18.9
2837,-19.6
2838,-19.7
2839,-20
2840,-20.9
2841,-20.7
2842,-19.9
2843,-18.5
2844,-18
2845,-16.4
2846,-17.4
2847,-19
2848,-20.3
2849,-20.5
2850,-21.1
2851,-21.2
2852,-21.5
2853,-21.7
2854,-22
2855,-22.5
2856,-23.1
2857,-22.2
2858,-21.6
2859,-21
2860,-20.5
2861,-19.9
2862,-18.8
2863,-18.4
2864,-17.6
2865,-17
2866,-16.7
2867,-15.5
2868,-14.6
2869,-13.7
2870,-13
2871,-12.4
2872,-12.3
2873,-11.7
2874,-11.5
2875,-11.2
2876,-11
2877,-11.3
2878,-11.5
2879,-11.6
2880,-11.5
2881,-11.1
2882,-10.8
2883,-10.6
2884,-10.3
2885,-10
2886,-9.7
2887,-9.5
2888,-9.2
2889,-8.6
2890,-7.9
2891,-7.7
2892,-7.4
2893,-7
2894,-6.6
2895,-6.3
2896,-6.1
2897,-6
2898,-6.1
2899,-6.2
2900,-6.3
2901,-6.4
2902,-6.6
2903,-6.8
2904,-6.9
2905,-7.1
2906,-7.3
2907,-7.4
2908,-7.4
2909,-7.5
2910,-7.6
2911,-7.5
2912,-7.5
2913,-7.4
2914,-7.1
2915,-6.4
2916,-6.1
2917,-6.5
2918,-7.1
2919,-7.5
2920,-7.7
2921,-7.8
2922,-8
2923,-8.6
2924,-9
2925,-9.4
2926,-9.5
2927,-9.9
2928,-10.3
2929,-9.2
2930,-9.1
2931,-9.2
2932,-9
2933,-8.9
2934,-8.8
2935,-8.8
2936,-8.7
2937,-8.5
2938,-8.4
2939,-8.3
2940,-7.9
2941,-7.5
2942,-7.6
2943,-8
2944,-8.3
2945,-8.5
2946,-8.7
2947,-8.6
2948,-8.6
2949,-8.2
2950,-8.2
2951,-8.6
2952,-8.8
2953,-8.6
2954,-8.6
2955,-8.7
2956,-8.7
2957,-8.7
2958,-8.7
2959,-8.7
2960,-8.7
2961,-8.8
2962,-8.7
2963,-8.6
2964,-8.2
2965,-7.9
2966,-8.2
2967,-9.2
2968,-10.5
2969,-12.7
2970,-13.6
2971,-14
2972,-14.1
2973,-14.1
2974,-13.8
2975,-14.2
2976,-14.8
2977,-15.1
2978,-15.2
2979,-15.6
2980,-16.1
2981,-15.9
2982,-14.1
2983,-12.9
2984,-12.2
2985,-12.9
2986,-12.5
2987,-11.6
2988,-10.8
2989,-10.8
2990,-10.8
2991,-10.7
2992,-10.6
2993,-10.8
2994,-10.8
2995,-11
2996,-11.1
2997,-10.9
2998,-10.6
2999,-10.1
3000,-9.8
3001,-9.7
3002,-9.8
3003,-9.8
3004,-10.1
3005,-10.3
3006,-10.2
3007,-10
3008,-9.7
3009,-10.1
3010,-10.1
3011,-10.1
3012,-10.1
3013,-9.9
3014,-9.8
3015,-10.2
3016,-10.1
3017,-9.8
3018,-9.7
3019,-9.5
3020,-9.4
3021,-9.2
3022,-9.1
3023,-8.9
3024,-8.8
3025,-8.6
3026,-8.6
3027,-8.6
3028,-8.6
3029,-8.6
3030,-8.6
3031,-8.7
3032,-8.4
3033,-8.2
3034,-8.3
3035,-8.5
3036,-8.9
3037,-9.5
3038,-10.1
3039,-10.8
3040,-11.1
3041,-11.8
3042,-12.1
3043,-12.9
3044,-14.5
3045,-16.3
3046,-18.2
3047,-18.9
3048,-17.1
3049,-15.1
3050,-14.4
3051,-13.7
3052,-13
3053,-12.7
3054,-12.2
3055,-12.3
3056,-12.2
3057,-12.1
3058,-11.5
3059,-11
3060,-10.8
3061,-11.2
3062,-11.7
3063,-12.2
3064,-12.7
3065,-14.7
3066,-16.1
3067,-17
3068,-17.7
3069,-18.9
3070,-19.9
3071,-20.4
3072,-21.3
3073,-21.8
3074,-20.8
3075,-21.1
3076,-19.9
3077,-19.2
3078,-17.4
3079,-16
3080,-13.6
3081,-12.3
3082,-11.3
3083,-10.4
3084,-9.4
3085,-8.3
3086,-7.7
3087,-7.7
3088,-8
3089,-8.3
3090,-7.5
3091,-8.1
3092,-7.9
3093,-4.8
3094,-4
3095,-4
3096,-3.7
3097,-3.5
3098,-3.5
3099,-3.1
3100,-2.5
3101,-2.4
3102,-1.8
3103,-1.2
3104,-1
3105,-1
3106,-1
3107,-0.9
3108,-1.3
3109,-1.5
3110,-1.7
3111,-2.2
3112,-2.4
3113,-4.5
3114,-6.2
3115,-4.8
3116,-4.1
3117,-3.7
3118,-3.1
3119,-1.3
3120,-1.4
3121,-1.5
3122,-1.8
3123,-1.9
3124,-1.9
3125,-1.6
3126,-1.4
3127,-1
3128,-0.4
3129
3130,0.7
3131,0.9
3132,0.6
3133,0.5
3134,0.6
3135,0.7
3136,0.6
3137,0.4
3138,0.6
3139,0.6
3140,0.5
3141
3142,-0.2
3143,-0.2
3144,-0.2
3145,-1.3
3146,-0.6
3147,-0.6
3148,-0.1
3149,-0.4
3150,-0.8
3151,-0.7
3152,-0.5
3153,-0.2
3154,0.2
3155,0.5
3156,0.6
3157,0.6
3158,0.7
3159,0.8
3160,0.8
3161,0.8
3162,0.9
3163,1.2
3164,1
3165,0.9
3166,0.8
3167,0.9
3168,1.2
3169,1.4
3170,1.3
3171,1.1
3172,1.2
3173,1.2
3174,1
3175,1.3
3176,1.5
3177,1.5
3178,1.6
3179,1.8
3180,2
3181,1.5
3182,1.2
3183,1.7
3184,1.5
3185,0.7
3186,0.3
3187,0.2
3188,0.5
3189,0.6
3190,0.8
3191,0.9
3192,0.9
3193,1
3194,1.1
3195,1
3196,0.1
3197,-0.6
3198,-1.1
3199,-1.7
3200,-2.2
3201,-2
3202,-0.4
3203,-1.3
3204,-1.7
3205,-1.9
3206,-2
3207,-2.4
3208,-2.9
3209,-3.1
3210,-3.6
3211,-3.7
3212,-4
3213,-4.5
3214,-4.7
3215,-4.8
3216,-4.2
3217,-3.4
3218,-3.7
3219,-3.9
3220,-4.3
3221,-5.9
3222,-4.9
3223,-4.7
3224,-5.1
3225,-4.7
3226,-3.3
3227,-2.3
3228,-1.6
3229,-1.4
3230,-1.5
3231,-2.1
3232,-2.7
3233,-3
3234,-2.8
3235,-2.5
3236,-3.3
3237,-3.9
3238,-4.3
3239,-6.6
3240,-7
3241,-6.2
3242,-6.5
3243,-5.5
3244,-4.5
3245,-3.6
3246,-2.9
3247,-2.6
3248,-2.2
3249,-2
3250,-1.4
3251,-0.1
3252,0.7
3253,1.3
3254,1.9
3255,2
3256,2.7
3257,3.8
3258,3.2
3259,2.2
3260,2.8
3261,2.2
3262,0.1
3263,-0.9
3264,-1.6
3265,-2.8
3266,-3.6
3267,-4.6
3268,-4.1
3269,-4.2
3270,-3.4
3271,-2.4
3272,-1.2
3273,-0.2
3274,0.7
3275,2
3276,4
3277,3.5
3278,3.2
3279,3.3
3280,2.7
3281,3
3282,3.6
3283,7.2
3284,6.9
3285,6.1
3286,5.7
3287,5.4
3288,5.3
3289,5.1
3290,5.1
3291,4.9
3292,4.8
3293,4.8
3294,4.9
3295,4.9
3296,4.7
3297,4.9
3298,5.3
3299,5
3300,4.7
3301,4.8
3302,4.8
3303,4.2
3304,3.4
3305,5.5
3306,4.9
3307,3.8
3308,4.3
3309,4.2
3310,3.4
3311,0.7
3312,2.1
3313,1.8
3314,1.3
3315,0.9
3316,1.1
3317,1.2
3318,0.8
3319,0.5
3320,1.1
3321,2.2
3322,3.4
3323,5
3324,5.4
3325,5
3326,4.4
3327,4.7
3328,4.2
3329,3.5
3330,2.8
3331,2.7
3332,2.2
3333,1.9
3334,1.4
3335,1.5
3336,1.3
3337,1.2
3338,1.3
3339,0.9
3340,0.8
3341,1.1
3342,1
3343,0.9
3344,0.6
3345,1
3346,1.9
3347,2.1
3348,2.4
3349,1.9
3350,1.8
3351,1.4
3352,0.2
3353,-2.5
3354,-3.5
3355,-4.5
3356,-5.5
3357,-5.4
3358,-3.1
3359,-2.7
3360,-2.9
3361,-2.7
3362,-2.3
3363,-2
3364,-1.5
3365,-1
3366,-1
3367,-1.4
3368,-0.8
3369,0.6
3370,1.3
3371,1.9
3372,2.2
3373,3
3374,3.1
3375,2.9
3376,2.7
3377,2.7
3378,2.8
3379,2.8
3380,2.5
3381,2.2
3382,2
3383,1.9
3384,1.2
3385,1.1
3386,1
3387,0.7
3388,0.4
3389,0.1
3390,0.3
3391,0.4
3392,0.9
3393,1.3
3394,2
3395,2.9
3396,3.2
3397,2.7
3398,2.3
3399,2.2
3400,2.2
3401,1.8
3402,1.1
3403,0.9
3404,0.1
3405,-0.5
3406,-1
3407,-0.8
3408,-0.4
3409,0.7
3410,0.9
3411,0.1
3412,-3.8
3413,-5.4
3414,-6
3415,-6.1
3416,-5.7
3417,-5.3
3418,-5.3
3419,-5.3
3420,-4.8
3421,-4.4
3422,-4
3423,-3.6
3424,-3.8
3425,-4.1
3426,-4.4
3427,-4.1
3428,-4
3429,-4.8
3430,-5.3
3431,-5.7
3432,-6.3
3433,-8
3434,-6.9
3435,-9.4
3436,-11.1
3437,-10.3
3438,-12.1
3439,-12.9
3440,-13.1
3441,-10.5
3442,-6.1
3443,-6.2
3444,-5.4
3445,-4.7
3446,-4.2
3447,-4.3
3448,-5
3449,-8
3450,-9.7
3451,-11.4
3452,-12.5
3453,-13.8
3454,-14.6
3455,-15.3
3456,-15.8
3457,-16.5
3458,-17.1
3459,-17.3
3460,-17.8
3461,-17.9
3462,-17.6
3463,-15.3
3464,-13.3
3465,-10.7
3466,-7.5
3467,-5.3
3468,-4.1
3469,-3.6
3470,-2.2
3471,-2.3
3472,-2.1
3473,-1.8
3474,-1.4
3475,-0.8
3476,-0.6
3477,-0.4
3478
3479,0.2
3480,0.6
3481,0.6
3482,0.7
3483,0.5
3484,0.9
3485,1.8
3486,2.5
3487,5.4
3488,6
3489,5.4
3490,4.9
3491,4.4
3492,5.1
3493,4.5
3494,5
3495,3.8
3496,3.7
3497,3.2
3498,3.6
3499,4.2
3500,3.6
3501,3
3502,2.4
3503,3.2
3504,3.1
3505,3.2
3506,3.6
3507,1.8
3508,1.8
3509,1.4
3510,0.3
3511,0.1
3512,0.2
3513,0.4
3514,0.8
3515,2.4
3516,2.9
3517,4.7
3518,4
3519,4.3
3520,5
3521,4.6
3522,4.2
3523,4.5
3524,5.3
3525,4.7
3526,4.8
3527,4.9
3528,4.5
3529,4.5
3530,4.4
3531,3.4
3532,3.5
3533,3.4
3534,3.3
3535,3.3
3536,4.9
3537,5.2
3538,5.6
3539,5.6
3540,5.9
3541,5.5
3542,5
3543,5
3544,3.4
3545,2.3
3546,2.5
3547,3.3
3548,2.3
3549,1.8
3550,1.9
3551,1.8
3552,2
3553,3
3554,4.2
3555,3.8
3556,2.8
3557,2.4
3558,2.7
3559,2.4
3560,3.3
3561,3.4
3562,2.8
3563,3.4
3564,4.2
3565,4.6
3566,4.3
3567,3.4
3568,2.4
3569,1.7
3570,1.1
3571,0.7
3572,1.8
3573,1.8
3574,1.9
3575,2.8
3576,3.4
3577,3.4
3578,3
3579,3.3
3580,5.6
3581,5.6
3582,4.8
3583,4.4
3584,4.8
3585,4.3
3586,5
3587,4.9
3588,5.1
3589,4.8
3590,4.8
3591,5.5
3592,5.5
3593,5
3594,4.4
3595,4.1
3596,4.2
3597,3.7
3598,3.1
3599,2.9
3600,3.9
3601,3.9
3602,3.8
3603,3.6
3604,3.3
3605,1.4
3606,0.3
3607,-0.8
3608,-1.5
3609,-1.9
3610,-2
3611,-2.3
3612,-2.7
3613,-2.8
3614,-3
3615,-3.2
3616,-3.5
3617,-3.8
3618,-3.9
3619,-4.2
3620,-4.8
3621,-4.8
3622,-5
3623,-5.1
3624,-5.2
3625,-5.3
3626,-5.5
3627,-5.9
3628,-6.2
3629,-7.4
3630,-8.9
3631,-8.4
3632,-6.4
3633,-4.9
3634,-3.2
3635,-2
3636,-1.5
3637,-0.8
3638,-0.7
3639,-0.9
3640,-1.1
3641,-1.1
3642,-0.8
3643,-0.1
3644,0.1
3645,-0.5
3646,-1.2
3647,-1.9
3648,-2.1
3649,-1.6
3650,-1
3651,-0.4
3652,0.2
3653,0.3
3654,0.9
3655,1.2
3656,1.3
3657,1.4
3658,1.6
3659,1.6
3660,1.6
3661,-2.4
3662,-3.3
3663,-3.8
3664,-4.3
3665,-4.8
3666,-5
3667,-5.1
3668,-5.5
3669,-5.3
3670,-5.7
3671,-5.9
3672,-6.6
3673,-6.7
3674,-8.3
3675,-10.8
3676,-12.3
3677,-13.2
3678,-13.9
3679,-14.7
3680,-13
3681,-11.1
3682,-9.6
3683,-8.5
3684,-6.9
3685,-6.7
3686,-6.9
3687,-6.8
3688,-7.9
3689,-8.5
3690,-8.8
3691,-8.8
3692,-9.3
3693,-9.4
3694,-9.6
3695,-9.8
3696,-9.8
3697,-10.1
3698,-10
3699,-9.9
3700,-9.8
3701,-9.7
3702,-9.6
3703,-9.6
3704,-9.2
3705,-8.8
3706,-8.1
3707,-6.9
3708,-6.2
3709,-5.7
3710,-5.6
3711,-5.6
3712,-5.7
3713,-6
3714,-6.4
3715,-6.6
3716,-6.8
3717,-7.5
3718,-7.5
3719,-8.6
3720,-9.4
3721,-10.5
3722,-10.5
3723,-10.5
3724,-9.8
3725,-9.3
3726,-10.3
3727,-10.5
3728,-10
3729,-9
3730,-8.6
3731,-8
3732,-7.8
3733,-7.3
3734,-7.1
3735,-6.6
3736,-6.9
3737,-7.7
3738,-8.8
3739,-11
3740,-12.9
3741,-13.8
3742,-15.1
3743,-15.1
3744,-15.5
3745,-15.7
3746,-15
3747,-14.5
3748,-9.6
3749,-7.7
3750,-7.2
3751,-6.3
3752,-5.6
3753,-4.3
3754,-3.4
3755,-3.1
3756,-3.2
3757,-3.5
3758,-3.4
3759,-3.2
3760,-3.2
3761,-3.5
3762,-4
3763,-5
3764,-4.3
3765,-4.7
3766,-5.2
3767,-7
3768,-7.3
3769,-8.4
3770,-9.2
3771,-11.1
3772,-11.4
3773,-10.2
3774,-8.8
3775,-7.1
3776,-6.1
3777,-4.6
3778,-3.1
3779,-2.3
3780,-1.8
3781,-1.1
3782,-0.7
3783,-0.4
3784,-0.3
3785,-0.2
3786,0.1
3787,0.1
3788,0.2
3789,0.1
3790
3791
3792
3793,0.1
3794
3795
3796
3797
3798,-0.1
3799,-0.1
3800,0.1
3801,0.3
3802,1.1
3803,1.8
3804,2
3805,1.8
3806,1.8
3807,1.5
3808,1.3
3809,1
3810,0.3
3811
3812,-3.1
3813,-4.5
3814,-5.1
3815,-5.4
3816,-5.6
3817,-6
3818,-6.2
3819,-6.3
3820,-6.5
3821,-6.9
3822,-6.9
3823,-6.9
3824,-6.7
3825,-6.4
3826,-5.5
3827,-5.5
3828,-4.5
3829,-4.4
3830,-4
3831,-4
3832,-4.4
3833,-5
3834,-4.9
3835,-5.5
3836,-6.1
3837,-6.3
3838,-6.8
3839,-7.1
3840,-7.4
3841,-8.8
3842,-9.2
3843,-8
3844,-7.9
3845,-6.8
3846,-6.7
3847,-6.4
3848,-5.7
3849,-5.1
3850,-3.8
3851,-4.2
3852,-5.5
3853,-6.1
3854,-6.2
3855,-6.3
3856,-6.7
3857,-7.3
3858,-7.9
3859,-7.8
3860,-8
3861,-8
3862,-7.4
3863,-7.6
3864,-8.2
3865,-8.2
3866,-6.7
3867,-5.4
3868,-5.5
3869,-6.1
3870,-6.3
3871,-6.4
3872,-6.3
3873,-5.9
3874,-5.2
3875,-5.3
3876,-5.2
3877,-5.2
3878,-5.3
3879,-5
3880,-4.8
3881,-4.6
3882,-4.6
3883,-4.3
3884,-4.3
3885,-4.4
3886,-4.4
3887,-4.7
3888,-4.7
3889,-5.3
3890,-5.7
3891,-6
3892,-5.5
3893,-5.6
3894,-6.5
3895,-6.8
3896,-6.2
3897,-5.1
3898,-4.5
3899,-4.2
3900,-3.3
3901,-3.4
3902,-3.1
3903,-3.2
3904,-3.6
3905,-5.3
3906,-7
3907,-8.1
3908,-9.2
3909,-11.2
3910,-11.9
3911,-11.5
3912,-12.1
3913,-10.9
3914,-11.1
3915,-10.9
3916,-10.4
3917,-11.2
3918,-11.4
3919,-10.5
3920,-9.4
3921,-7.7
3922,-6.1
3923,-4.6
3924,-3.4
3925,-2.6
3926,-2
3927,-1.6
3928,-1.8
3929,-2.1
3930,-2.2
3931,-2.2
3932,-2.6
3933,-2.8
3934,-3.1
3935,-3.1
3936,-2.9
3937,-3
3938,-2.6
3939,-2.2
3940,-1.8
3941,-1.4
3942,-1.1
3943,-0.9
3944,-0.5
3945,0.2
3946,0.1
3947,0.5
3948,1.3
3949,1.8
3950,2.7
3951,2.6
3952,2.6
3953,2.2
3954,1.8
3955,1.9
3956,1.8
3957,1
3958,1.5
3959,1.1
3960,1.3
3961,1.7
3962,1.6
3963,1.6
3964,1.6
3965,1.5
3966,1.3
3967,1.2
3968,1.2
3969,1.3
3970,1.4
3971,1.7
3972,1.8
3973,1.9
3974,1.9
3975,2.2
3976,2.1
3977,1.4
3978,1
3979,0.2
3980,0.5
3981,0.7
3982,0.9
3983,0.4
3984,0.3
3985,0.5
3986,0.6
3987,0.4
3988,0.6
3989,0.7
3990,1
3991,1
3992,1.2
3993,1.5
3994,1.8
3995,2.3
3996,2.5
3997,2.8
3998,2.9
3999,2.6
4000,2.5
4001,2.3
4002,2.1
4003,1.7
4004,1.5
4005,1.3
4006,1.2
4007,1.1
4008,1.1
4009,0.9
4010,0.9
4011,0.9
4012,0.9
4013,0.8
4014,0.9
4015,0.9
4016,1
4017,1.3
4018,1.5
4019,1.6
4020,2
4021,2
4022,2
4023,2.2
4024,2
4025,1.8
4026,1.5
4027,0.9
4028,0.5
4029,0.3
4030,0.4
4031,0.6
4032,0.6
4033,0.9
4034,1
4035,1.3
4036,1.5
4037,1.7
4038,1.8
4039,2.1
4040,2.4
4041,2.6
4042,2.9
4043,3.3
4044,3.3
4045,3.6
4046,4
4047,4
4048,3.7
4049,2.5
4050,2.2
4051,1.8
4052,0.8
4053,0.6
4054,0.1
4055,-0.2
4056,-0.6
4057,-0.9
4058,-1
4059,-1.3
4060,-1.8
4061,-1.9
4062,-1.9
4063,-1.9
4064,-2
4065,-1.9
4066,-1.9
4067,-1.8
4068,-1.8
4069,-1.7
4070,-1.1
4071,-0.9
4072,-0.9
4073,-0.9
4074,-1
4075,-0.9
4076,-0.8
4077,-0.7
4078,-0.5
4079,-0.7
4080,-0.7
4081,-0.9
4082,-1.1
4083,-2
4084,-2.2
4085,-2.3
4086,-2.2
4087,-1.6
4088,-0.9
4089,0.1
4090,0.1
4091,0.1
4092,0.2
4093,0.3
4094,1.3
4095,1.7
4096,2.6
4097,2.3
4098,1.8
4099,1.6
4100,1.7
4101,2.5
4102,1.8
4103,2
4104,1.7
4105,1.6
4106,1.6
4107,1.1
4108,1.2
4109,0.9
4110,0.8
4111,0.7
4112,2.3
4113,4
4114,5.1
4115,6.6
4116,6.4
4117,4.1
4118,4.3
4119,4.8
4120,4.9
4121,5.2
4122,5.5
4123,4.7
4124,3.7
4125,2.7
4126,2.2
4127,2
4128,1.4
4129,1.2
4130,0.9
4131,0.4
4132
4133,0.4
4134
4135,0.6
4136,1.8
4137,2.5
4138,1.9
4139,2.8
4140,2.4
4141,2.6
4142,3.4
4143,4.4
4144,4.2
4145,3.6
4146,2.7
4147,2.2
4148,2.6
4149,2.8
4150,3.1
4151,3
4152,3.6
4153,4.2
4154,4.3
4155,3.6
4156,3.8
4157,3.4
4158,4
4159,3.9
4160,3.7
4161,3.4
4162,4.3
4163,4.9
4164,5.6
4165,5.8
4166,5.3
4167,4.4
4168,5.6
4169,5.6
4170,4.5
4171,3.7
4172,3.7
4173,3.7
4174,4.7
4175,4.2
4176,4
4177,3.3
4178,3
4179,2.7
4180,2.4
4181,2.1
4182,1.7
4183,1.9
4184,2.3
4185,2.7
4186,3
4187,3.4
4188,3.9
4189,4.1
4190,4.3
4191,4.6
4192,4.3
4193,3.7
4194,2.9
4195,2.5
4196,2
4197,1.6
4198,2
4199,1
4200,0.4
4201,-0.1
4202,-0.8
4203,-1
4204,-1.5
4205,-1.6
4206,-1.9
4207,-1
4208,-0.4
4209,0.2
4210,0.8
4211,-0.3
4212,0.1
4213,1.1
4214,1.6
4215,1.5
4216,1.7
4217,1
4218,0.1
4219,-0.9
4220,-1.9
4221,-2.5
4222,-3.4
4223,-4.3
4224,-4.7
4225,-5.3
4226,-4.7
4227,-5.3
4228,-5.2
4229,-6.1
4230,-6.2
4231,-3.9
4232,-1.9
4233,-0.2
4234,1.3
4235,0.8
4236,1.2
4237,0.4
4238,0.7
4239,0.5
4240,1.2
4241,0.4
4242,-0.6
4243,-2.5
4244,-3.7
4245,-4.9
4246,-5.8
4247,-6.1
4248,-6.9
4249,-5.8
4250,-4.4
4251,-3.8
4252,-3.7
4253,-2.9
4254,-2.3
4255,-1.2
4256,-0.5
4257,0.4
4258,1.2
4259,1.9
4260,2.3
4261,2.5
4262,3
4263,3.6
4264,3.2
4265,3.1
4266,1.8
4267,0.6
4268,0.3
4269,-1.6
4270,0.5
4271,-2.3
4272,-2.8
4273,-1.9
4274,-2.4
4275,-2.3
4276,-3.5
4277,-1.4
4278,-1
4279,1.2
4280,2.6
4281,5
4282,4.2
4283,4.7
4284,6.5
4285,7.8
4286,8.2
4287,6.1
4288,6.4
4289,5.3
4290,7.2
4291,6.3
4292,6.8
4293,8
4294,7.7
4295,7
4296,6.4
4297,5.6
4298,4.5
4299,4.8
4300,4.7
4301,4.5
4302,4.7
4303,5.9
4304,7.6
4305,7.9
4306,9.8
4307,9
4308,9.9
4309,8.6
4310,8.2
4311,6.1
4312,5.8
4313,5.5
4314,4.6
4315,4.7
4316,3.8
4317,3.5
4318,3.6
4319,2.5
4320,1.6
4321,2.6
4322,3
4323,3
4324,2.4
4325,2
4326,2
4327,2.6
4328,3.5
4329,3.8
4330,4.2
4331,4.6
4332,4.5
4333,4.9
4334,4.9
4335,5.2
4336,4.2
4337,3.9
4338,3.4
4339,2.8
4340,1.8
4341,0.6
4342,0.7
4343,-0.6
4344,-0.6
4345,-1.2
4346,-0.7
4347,-0.3
4348,-0.6
4349,-0.7
4350,-0.3
4351,0.2
4352,0.8
4353,1.2
4354,1.2
4355,1.7
4356,1.9
4357,3.9
4358,3.6
4359,3.2
4360,2.9
4361,4.3
4362,3.6
4363,2.1
4364,0.2
4365,2.7
4366,3
4367,2.5
4368,1.7
4369,1
4370,0.5
4371,-0.1
4372,-0.2
4373,-0.2
4374,-0.2
4375,0.6
4376,1.2
4377,2.1
4378,2.5
4379,2.9
4380,3
4381,2.3
4382,2.2
4383,2.2
4384,2.6
4385,2.8
4386,2.9
4387,2.8
4388,3.6
4389,2.9
4390,2.7
4391,2.3
4392,1.4
4393,0.8
4394,0.8
4395,0.4
4396,0.4
4397,0.5
4398,0.9
4399,1.4
4400,2.4
4401,4.6
4402,5.6
4403,5.6
4404,6.4
4405,6.8
4406,6.2
4407,5.8
4408,5
4409,4.6
4410,4.1
4411,3.8
4412,3.4
4413,3
4414,3.2
4415,2.9
4416,2.4
4417,2.2
4418,1.7
4419,0.6
4420,0.7
4421,0.4
4422,0.1
4423,1.3
4424,3.4
4425,6
4426,7.6
4427,9.2
4428,9.4
4429,9.5
4430,8.4
4431,9.2
4432,8.9
4433,7.5
4434,5.2
4435,4.4
4436,3.9
4437,2.8
4438,3.2
4439,3.4
4440,3.7
4441,2
4442,4.5
4443,4.4
4444,3.7
4445,3.7
4446,3.9
4447,4.5
4448,4.4
4449,4.5
4450,5
4451,4.8
4452,4.2
4453,3
4454,2.8
4455,2.6
4456,2.3
4457,1.8
4458,1.9
4459,1.7
4460,1.4
4461,0.8
4462,0.6
4463,0.5
4464,0.4
4465,0.1
4466,-0.5
4467,-0.6
4468,-1
4469,-1.1
4470,-1
4471,-1
4472,-0.8
4473,-0.6
4474,0.2
4475,1
4476,0.9
4477,1.5
4478,1
4479,1.1
4480,1.8
4481,2.2
4482,2.5
4483,2.5
4484,2.7
4485,1.8
4486,1.1
4487,0.1
4488,-1
4489,-0.9
4490,-0.9
4491,-1.2
4492,-1.6
4493,-1.4
4494,-0.2
4495,1.3
4496,3.6
4497,6.2
4498,8.5
4499,10.8
4500,12.9
4501,13.1
4502,13.4
4503,13.4
4504,13.4
4505,12.9
4506,9.8
4507,8.2
4508,4.7
4509,3.2
4510,2
4511,3.2
4512,3.5
4513,3.2
4514,1.8
4515,1.3
4516,1.1
4517,1.1
4518,1.4
4519,2.4
4520,3
4521,3.5
4522,3.8
4523,4.7
4524,5.1
4525,3.8
4526,2.6
4527,2
4528,1.9
4529,1.4
4530,1.6
4531,1.3
4532,1.2
4533,1
4534,0.8
4535,0.7
4536,0.5
4537,0.2
4538,0.1
4539
4540,-0.3
4541,-0.5
4542,-0.4
4543,-0.5
4544,-0.6
4545,-1
4546,-1.1
4547,-1.2
4548,-1.4
4549,-1.4
4550,-0.7
4551,-0.7
4552,-0.7
4553,-0.6
4554,-0.6
4555,-0.5
4556,-0.5
4557,-0.3
4558,-0.4
4559,-0.3
4560,-0.4
4561,-0.4
4562,-0.5
4563,-0.9
4564,-1.4
4565,-1.5
4566,-1.4
4567,-1.8
4568,-1.7
4569,-2.4
4570,-2.4
4571,-2.5
4572,-2.1
4573,-2.1
4574,-1.3
4575,-1.1
4576,-0.7
4577,-1.5
4578,-1.4
4579,-0.9
4580,-1.1
4581,-1.2
4582,-1.4
4583,-1.6
4584,-2.1
4585,-2.3
4586,-2.5
4587,-2.8
4588,-3
4589,-3.2
4590,-3.2
4591,-2.8
4592,-2.6
4593,-2.7
4594,-2.1
4595,-1.9
4596,-1.3
4597,-0.6
4598,-0.9
4599,-0.5
4600,-0.2
4601,-0.6
4602,-1
4603,-1.4
4604,-1.6
4605,-1.8
4606,-2
4607,-2.2
4608,-2.6
4609,-3
4610,-3.4
4611,-3.9
4612,-4.3
4613,-4.8
4614,-3.1
4615,-1.3
4616,-0.6
4617
4618,0.2
4619,0.4
4620,0.5
4621,0.7
4622,1.2
4623,1.2
4624,1.7
4625,1.3
4626,0.2
4627,-0.2
4628,-0.8
4629,-1.3
4630,-2
4631,-2.9
4632,-2.6
4633,-2.7
4634,-2.4
4635,-4.3
4636,-5.5
4637,-5.7
4638,-3.8
4639,0.9
4640,1.9
4641,3.1
4642,4.3
4643,4.2
4644,4.4
4645,4.7
4646,5.7
4647,5.5
4648,5.1
4649,4.7
4650,3.7
4651,1.8
4652,-0.3
4653,-1.4
4654,-1.9
4655,-3.1
4656,-2.5
4657,-3.3
4658,-2.8
4659,-4.1
4660,-4.7
4661,-4.4
4662,-2.1
4663,1.4
4664,3.8
4665,5.2
4666,6.2
4667,6
4668,6.1
4669,6.4
4670,6.6
4671,6.2
4672,6
4673,6
4674,5
4675,2.7
4676,0.1
4677,-1.1
4678,-2.2
4679,-2
4680,-2.4
4681,-2.7
4682,-3.9
4683,-4.5
4684,-4.7
4685,-4.6
4686,-2.3
4687,1.6
4688,1.6
4689,3.3
4690,4.6
4691,4.7
4692,5.2
4693,6.1
4694,6.5
4695,5.8
4696,4.7
4697,4.5
4698,3.7
4699,1.7
4700,0.9
4701,-1.1
4702,-1.9
4703,-2.4
4704,-2.9
4705,-3.5
4706,-3.8
4707,-4.2
4708,-4.6
4709,-4.5
4710,-2.4
4711,3.4
4712,5.3
4713,5.9
4714,6.8
4715,6.3
4716,6.6
4717,6.2
4718,6.4
4719,6
4720,5.9
4721,6.1
4722,5
4723,2.8
4724,2.2
4725,0.4
4726,-1.2
4727,-1.9
4728,-2.4
4729,-2.9
4730,-2.8
4731,-3.5
4732,-3.9
4733,-3.5
4734,-1.5
4735,4.5
4736,7.1
4737,8.3
4738,9.4
4739,10.3
4740,10.2
4741,10.6
4742,11.7
4743,12
4744,11.3
4745,10.5
4746,9.6
4747,7.3
4748,3.9
4749,2
4750,0.4
4751,0.5
4752,-0.9
4753,-1.7
4754,-2.3
4755,-2.8
4756,-3
4757,-2.6
4758
4759,4.9
4760,6.8
4761,8.3
4762,8.9
4763,9.6
4764,10.1
4765,10.8
4766,10.6
4767,9.7
4768,9.9
4769,9.3
4770,8.2
4771,6
4772,4.2
4773,2.2
4774,1.2
4775,-0.4
4776,-1.3
4777,-1.8
4778,-2
4779,-2.4
4780,-2.5
4781,-2.4
4782,0.3
4783,5.7
4784,8.1
4785,9.8
4786,1
4787,10.7
4788,10.9
4789,11.6
4790,12
4791,12.2
4792,11.8
4793,11.6
4794,9.4
4795,7.9
4796,6.5
4797,5.7
4798,4.7
4799,3.9
4800,4.2
4801,1.9
4802,0.8
4803,0.5
4804,2
4805,1.7
4806,4.1
4807,6.5
4808,7.4
4809,8.4
4810,7.1
4811,7.3
4812,7.6
4813,9.9
4814,10.7
4815,11.4
4816,11.7
4817,11
4818,9.8
4819,8.3
4820,7.4
4821,6.6
4822,7
4823,6
4824,5.8
4825,5.1
4826,5.1
4827,4.9
4828,4.3
4829,5.3
4830,6.1
4831,6.5
4832,7.8
4833,9.2
4834,1
4835,10.8
4836,12.3
4837,13.3
4838,13.4
4839,12.1
4840,11.7
4841,11.6
4842,10.9
4843,8.6
4844,7.3
4845,7
4846,5.7
4847,4.7
4848,4.1
4849,3.3
4850,2.9
4851,2.8
4852,2.9
4853,3.7
4854,5.2
4855,7.2
4856,8.9
4857,11.3
4858,12.3
4859,13.1
4860,11.2
4861,11.4
4862,11
4863,10.9
4864,10.1
4865,9.7
4866,9.1
4867,8.5
4868,7.9
4869,7.7
4870,7.7
4871,7.7
4872,7.2
4873,7
4874,6.8
4875,6
4876,5
4877,4.6
4878,5.2
4879,6.1
4880,7.2
4881,9.7
4882,11.1
4883,11.4
4884,12.3
4885,11.7
4886,12.5
4887,13.4
4888,11.3
4889,12.5
4890,11.8
4891,10.9
4892,9.3
4893,8.2
4894,7.9
4895,7.6
4896,7.4
4897,7.2
4898,6.9
4899,6.5
4900,6.4
4901,6.6
4902,7.5
4903,9.6
4904,11.5
4905,13.4
4906,14.4
4907,15.3
4908,15.5
4909,15.5
4910,16
4911,15.1
4912,14.9
4913,14.7
4914,14.2
4915,12.8
4916,11.7
4917,10.5
4918,9.8
4919,8.8
4920,8
4921,7.1
4922,6.8
4923,6.5
4924,6.1
4925,7
4926,8.1
4927,11
4928,13.1
4929,15.3
4930,15.4
4931,16.7
4932,16.9
4933,17.6
4934,17.6
4935,17.9
4936,17
4937,17.5
4938,16.4
4939,14.2
4940,10.4
4941,8.3
4942,6.7
4943,5.6
4944,4.9
4945,3.7
4946,3.4
4947,3
4948,2.8
4949,4.7
4950,8.6
4951,13.5
4952,15.9
4953,18
4954,19.3
4955,20.6
4956,21.3
4957,21.4
4958,22.2
4959,21.9
4960,21.3
4961,20.1
4962,18.8
4963,16.9
4964,15.3
4965,14
4966,12.4
4967,11.4
4968,9.3
4969,8.8
4970,7.1
4971,6.2
4972,5.9
4973,5.8
4974,9
4975,12.6
4976,14.9
4977,18.4
4978,19.6
4979,20.6
4980,20.2
4981,21.1
4982,2
4983,19.3
4984,17.9
4985,16.6
4986,15.6
4987,13.5
4988,11.9
4989,9.9
4990,9.2
4991,8.1
4992,6.9
4993,6.1
4994,6.1
4995,5.9
4996,5.6
4997,6.6
4998,9.1
4999,12.5
5000,15.3
5001,16.9
5002,17.4
5003,17.5
5004,15.8
5005,15.4
5006,12
5007,11.7
5008,11.6
5009,10.8
5010,9.4
5011,7.3
5012,5.2
5013,5.1
5014,5.4
5015,7.3
5016,7.2
5017,5.9
5018,4.7
5019,3.6
5020,2.6
5021,2.6
5022,3.2
5023,4.8
5024,5.5
5025,7.3
5026,8.8
5027,10.4
5028,10.9
5029,11.5
5030,11.3
5031,10.1
5032,1
5033,9.5
5034,8.3
5035,6.8
5036,5.1
5037,3.9
5038,1.9
5039,1.4
5040,0.9
5041,1
5042,0.5
5043
5044,0.5
5045,3.7
5046,5.3
5047,8.3
5048,8.3
5049,9.8
5050,9.6
5051,10.2
5052,9.1
5053,9.1
5054,8.9
5055,9.1
5056,8.7
5057,7.7
5058,7.6
5059,6.3
5060,5
5061,4
5062,2.5
5063,3.3
5064,3.2
5065,3.8
5066,4.2
5067,4.3
5068,4.2
5069,4.9
5070,5.9
5071,8.4
5072,9.4
5073,11.2
5074,1
5075,9.6
5076,10.2
5077,1
5078,10.6
5079,11.7
5080,11.3
5081,10.4
5082,9.3
5083,8.2
5084,7.5
5085,6.3
5086,5.8
5087,5.2
5088,4.9
5089,4
5090,3.8
5091,3.5
5092,3.5
5093,4.9
5094,5.1
5095,5.1
5096,5.7
5097,4.8
5098,5.4
5099,4.8
5100,4.5
5101,4
5102,3.6
5103,4.7
5104,4.2
5105,4.3
5106,4.5
5107,3.3
5108,1.8
5109,1.8
5110,2.1
5111,2.1
5112,2.4
5113,2.2
5114,2.1
5115,2.1
5116,1.9
5117,1.8
5118,1.8
5119,1.9
5120,1.8
5121,1.4
5122,1.3
5123,1.7
5124,1.8
5125,1.9
5126,2.2
5127,2.1
5128,1.6
5129,1.7
5130,1.2
5131,0.7
5132,0.5
5133,0.7
5134,0.3
5135
5136
5137,-0.5
5138,-0.3
5139,-1.1
5140,-0.8
5141,-1
5142,-1.2
5143,-1.4
5144,-1.4
5145,-1.8
5146,-1.7
5147,-1.7
5148,-0.7
5149,-0.5
5150,-0.3
5151,-0.5
5152,-0.6
5153,-0.7
5154,-1.3
5155,-0.8
5156,-0.8
5157,-0.6
5158,-0.5
5159,-0.3
5160,-0.3
5161,-0.2
5162,0.2
5163
5164,-0.4
5165,1.3
5166,1.6
5167,1.9
5168,2.5
5169,3.1
5170,4.4
5171,4.2
5172,4.3
5173,5.1
5174,4.3
5175,5.7
5176,4.8
5177,4.8
5178,3.9
5179,3.3
5180,2.3
5181,1.1
5182,0.4
5183,0.2
5184,0.3
5185,0.3
5186,0.3
5187,0.1
5188,0.2
5189,1
5190,3.1
5191,3.7
5192,4.3
5193,5.1
5194,4.8
5195,4.8
5196,6.8
5197,6.2
5198,7
5199,6.3
5200,6.2
5201,6.2
5202,5.3
5203,4.3
5204,3.3
5205,2.5
5206,1.2
5207,0.6
5208,1.2
5209,1.2
5210,1.4
5211,1.5
5212,1.2
5213,1.3
5214,2.7
5215,4.6
5216,5.9
5217,8.2
5218,8.2
5219,6
5220,9
5221,10.2
5222,9.5
5223,9.2
5224,8
5225,6.3
5226,5.7
5227,5.3
5228,5.4
5229,5.2
5230,5
5231,4
5232,3.2
5233,3.2
5234,3.2
5235,2.6
5236,3.2
5237,3.9
5238,5.2
5239,6.1
5240,8.3
5241,8.1
5242,8.1
5243,9.1
5244,6.4
5245,6.5
5246,7.4
5247,4.3
5248,3.1
5249,3.4
5250,3.6
5251,3.4
5252,2.9
5253,2.1
5254,2.3
5255,2.5
5256,2.6
5257,2.3
5258,2.3
5259,2.6
5260,3
5261,3.5
5262,3.9
5263,3.7
5264,3.9
5265,3.9
5266,4.2
5267,4.9
5268,5.5
5269,6.6
5270,7.2
5271,7.6
5272,7.9
5273,7.4
5274,7.6
5275,6.9
5276,5.6
5277,4.3
5278,3.6
5279,3.1
5280,2.5
5281,1.5
5282,1.6
5283,1.3
5284,1.7
5285,3
5286,4.6
5287,5.3
5288,7.9
5289,10.8
5290,11.5
5291,11.9
5292,11.9
5293,13.8
5294,14.2
5295,12
5296,10.3
5297,9.8
5298,9.2
5299,8.2
5300,12.1
5301,11.6
5302,11.2
5303,10.3
5304,9
5305,7.8
5306,6.9
5307,6.3
5308,5.6
5309,6.5
5310,8.6
5311,10.8
5312,12.4
5313,15.3
5314,15.9
5315,16.4
5316,17.6
5317,17.5
5318,17.5
5319,17.2
5320,16.2
5321,16
5322,14.2
5323,13
5324,11.1
5325,9.8
5326,9.4
5327,9.2
5328,9
5329,8.4
5330,7.9
5331,8.3
5332,8
5333,8.9
5334,9.5
5335,11.5
5336,11.7
5337,9.5
5338,9.9
5339,10.9
5340,12.5
5341,14.1
5342,13.2
5343,11.9
5344,11.2
5345,9.8
5346,8.4
5347,8.6
5348,7.6
5349,7.3
5350,6.9
5351,6.4
5352,5.9
5353,6.1
5354,7.6
5355,7.5
5356,7.6
5357,7.9
5358,7.3
5359,7.4
5360,7.5
5361,7.4
5362,7.3
5363,7.1
5364,7.3
5365,7
5366,7
5367,6.9
5368,7.7
5369,7.5
5370,6.6
5371,6.5
5372,6.2
5373,5.9
5374,5.8
5375,5.8
5376,5.7
5377,5.6
5378,5.5
5379,5.2
5380,5.3
5381,5.4
5382,5.6
5383,6.1
5384,6.6
5385,7.2
5386,7.1
5387,8.2
5388,8.6
5389,8.9
5390,9.3
5391,7.9
5392,8.6
5393,8.8
5394,8.3
5395,7.9
5396,6.6
5397,5.8
5398,4.9
5399,4.6
5400,4.9
5401,5.8
5402,5.3
5403,5
5404,4.9
5405,5.2
5406,6
5407,6.2
5408,6.8
5409,7.3
5410,8.1
5411,8.1
5412,8.1
5413,10.1
5414,10.7
5415,10.7
5416,10.3
5417,9.5
5418,8.7
5419,7.4
5420,7
5421,7
5422,6.8
5423,5.8
5424,5.3
5425,4.4
5426,3.8
5427,3.4
5428,4.3
5429,6.4
5430,7.6
5431,8.6
5432,9.4
5433,10.8
5434,11.3
5435,11.4
5436,11.5
5437,11.6
5438,12.6
5439,12.7
5440,11.8
5441,10.7
5442,10.9
5443,10.6
5444,9.1
5445,8.2
5446,6.4
5447,6.6
5448,6.5
5449,5.3
5450,5.9
5451,5.7
5452,6.2
5453,6.8
5454,8.6
5455,1
5456,11.5
5457,12
5458,12.7
5459,13.4
5460,14.3
5461,13
5462,13.3
5463,14.2
5464,14.1
5465,12.6
5466,12.9
5467,12.6
5468,11.5
5469,9.7
5470,8.3
5471,6.4
5472,5.3
5473,4.3
5474,4.3
5475,3.4
5476,4.3
5477,7.2
5478,10.9
5479,13.3
5480,14.9
5481,15.1
5482,15.5
5483,15.3
5484,15.8
5485,15.3
5486,15.7
5487,16.8
5488,15.8
5489,16
5490,15.4
5491,14.4
5492,12.7
5493,10.4
5494,9.1
5495,8
5496,7.1
5497,6.3
5498,6.4
5499,5.8
5500,6.4
5501,8.9
5502,11.3
5503,14.1
5504,16.8
5505,19
5506,20.3
5507,20.6
5508,21.6
5509,22
5510,22.3
5511,22.2
5512,21.5
5513,21.6
5514,20.8
5515,19.7
5516,17.5
5517,14.7
5518,12.3
5519,11
5520,9.7
5521,9.1
5522,8.3
5523,7.9
5524,9.4
5525,11.2
5526,14.5
5527,18.5
5528,20.2
5529,21.5
5530,22.9
5531,24.7
5532,25
5533,25.6
5534,24.7
5535,23.6
5536,2
5537,20.8
5538,20.1
5539,19.3
5540,18.3
5541,17.3
5542,16.6
5543,17.2
5544,15.4
5545,14.5
5546,15.1
5547,14.6
5548,14.4
5549,13.7
5550,14.1
5551,16.6
5552,18.2
5553,18.9
5554,18.7
5555,19.3
5556,20.4
5557,22
5558,22.7
5559,22.5
5560,22.3
5561,21
5562,19.4
5563,18.8
5564,18.1
5565,16.3
5566,14.9
5567,15
5568,14
5569,13
5570,11.5
5571,12.1
5572,12.8
5573,13.9
5574,14.9
5575,16.5
5576,17.7
5577,19.4
5578,19.6
5579,18.3
5580,18.8
5581,17.6
5582,17.7
5583,16.5
5584,15.6
5585,15.8
5586,15.1
5587,13.4
5588,12.2
5589,11
5590,9.6
5591,9.6
5592,9.4
5593,9.7
5594,9.5
5595,8.9
5596,9.2
5597,1
5598,12.1
5599,11.9
5600,10.7
5601,10.2
5602,11.1
5603,12
5604,13.2
5605,12.2
5606,11.3
5607,13.3
5608,14.2
5609,12.7
5610,9.8
5611,9.2
5612,7.7
5613,7.2
5614,6.8
5615,6.7
5616,6.6
5617,7.3
5618,7.5
5619,8
5620,8.7
5621,8.6
5622,8.2
5623,8.2
5624,8.1
5625,8.4
5626,8.5
5627,8.7
5628,9.1
5629,9.3
5630,9.3
5631,8.9
5632,8.5
5633,8.3
5634,8.3
5635,8.2
5636,7.8
5637,7.6
5638,7.7
5639,7.6
5640,7.6
5641,7.5
5642,7.6
5643,7.6
5644,8
5645,6.9
5646,7.5
5647,7.7
5648,7.9
5649,8.3
5650,8.2
5651,8.7
5652,8.9
5653,9.4
5654,9.2
5655,9.4
5656,8.9
5657,8.8
5658,8.9
5659,8.6
5660,8.4
5661,8.4
5662,8
5663,7.5
5664,7.3
5665,7
5666,6.8
5667,6.9
5668,6.6
5669,6.5
5670,6.2
5671,6.1
5672,6.2
5673,6.3
5674,6.4
5675,6.6
5676,6.6
5677,6.9
5678,6.9
5679,7.2
5680,7.4
5681,8.4
5682,8.2
5683,6.8
5684,5.3
5685,5
5686,5
5687,5
5688,5.4
5689,5.9
5690,6.5
5691,6.7
5692,6.8
5693,7.2
5694,7.6
5695,8.5
5696,9.1
5697,9.3
5698,10.7
5699,12.2
5700,11.6
5701,11.6
5702,9.4
5703,10.1
5704,10.7
5705,11.5
5706,10.5
5707,9.3
5708,9.3
5709,7.3
5710,6.1
5711,5.7
5712,5.5
5713,4.6
5714,4
5715,4.1
5716,5
5717,7.3
5718,8.4
5719,9.6
5720,11.2
5721,12.1
5722,12.5
5723,13.1
5724,12.7
5725,12.4
5726,11.9
5727,12.2
5728,12.8
5729,13.1
5730,13
5731,12.7
5732,10.7
5733,9.2
5734,6.9
5735,5.7
5736,4.9
5737,4.5
5738,4.5
5739,5.2
5740,6.3
5741,7.1
5742,7.9
5743,7.4
5744,7.8
5745,9.6
5746,10.8
5747,12.6
5748,12.3
5749,11.8
5750,13.9
5751,13.5
5752,13.5
5753,12.8
5754,13.4
5755,13.2
5756,12
5757,10.8
5758,10.1
5759,10.2
5760,10.1
5761,1
5762,1
5763,9.3
5764,9.3
5765,9.6
5766,10.2
5767,11.3
5768,12.8
5769,14.3
5770,14.5
5771,14.3
5772,13.7
5773,14.2
5774,13.3
5775,12.3
5776,10.4
5777,8.9
5778,9.1
5779,8.3
5780,8.5
5781,8.4
5782,8.2
5783,8
5784,8.1
5785,7.7
5786,6.9
5787,5.2
5788,5.9
5789,7.5
5790,10.5
5791,11.7
5792,12.5
5793,13.6
5794,13.9
5795,13.7
5796,13.2
5797,13
5798,11.9
5799,11.5
5800,11
5801,9.2
5802,8.7
5803,7.8
5804,7.5
5805,7.2
5806,7.4
5807,7.5
5808,7.6
5809,8.2
5810,7.9
5811,6
5812,5.8
5813,6.1
5814,6.6
5815,8
5816,8.6
5817,8.9
5818,9.5
5819,10.5
5820,11.1
5821,11.2
5822,10.6
5823,10.1
5824,1
5825,10.7
5826,11.5
5827,11.3
5828,10.5
5829,9.9
5830,9.6
5831,9.4
5832,9.1
5833,8.7
5834,8.4
5835,8.2
5836,8.3
5837,8.4
5838,8.6
5839,9.2
5840,10.4
5841,11.9
5842,11.3
5843,11.5
5844,10.6
5845,12.1
5846,13.6
5847,12
5848,10.1
5849,9.7
5850,9.4
5851,9.2
5852,9
5853,8.7
5854,8.4
5855,8.3
5856,8.3
5857,7.7
5858,7.4
5859,7.8
5860,7.8
5861,8.3
5862,9.1
5863,10.3
5864,11.2
5865,12
5866,12.7
5867,12.4
5868,12.8
5869,12.8
5870,13.4
5871,13.4
5872,13.7
5873,12.5
5874,12.3
5875,11.8
5876,11.1
5877,9.3
5878,8.2
5879,7.7
5880,6.9
5881,6.6
5882,5.7
5883,6.3
5884,6.8
5885,8.1
5886,11.6
5887,11.4
5888,11.6
5889,11.6
5890,11.5
5891,11.5
5892,11.7
5893,11.9
5894,15.4
5895,15.3
5896,12.1
5897,11.9
5898,11.1
5899,12
5900,12.6
5901,12.9
5902,12.8
5903,12.4
5904,12.6
5905,12.8
5906,13
5907,12.9
5908,13.3
5909,13.9
5910,15.2
5911,16.2
5912,16.8
5913,17.4
5914,17.4
5915,18.2
5916,17.4
5917,17.1
5918,17.1
5919,17
5920,17.3
5921,17.3
5922,17.6
5923,16.2
5924,15
5925,13.6
5926,12.2
5927,11.7
5928,11.4
5929,10.6
5930,10.4
5931,10.5
5932,10.8
5933,11.9
5934,13.9
5935,16
5936,18.1
5937,19.8
5938,21.2
5939,20.4
5940,20.5
5941,2
5942,20.2
5943,19.9
5944,19.7
5945,19.1
5946,18.7
5947,18.1
5948,17.1
5949,16.7
5950,16.2
5951,14.2
5952,13.1
5953,12.2
5954,11.6
5955,12.1
5956,14.8
5957,15.9
5958,17.3
5959,19.7
5960,21.8
5961,22.3
5962,22.2
5963,23.7
5964,25.8
5965,25.8
5966,26.7
5967,27
5968,25.6
5969,25.2
5970,25.6
5971,25
5972,24.1
5973,20.4
5974,18.3
5975,17.7
5976,17.4
5977,16.6
5978,16.4
5979,16.3
5980,17.2
5981,19.4
5982,22.2
5983,25.1
5984,27
5985,28.6
5986,26.4
5987,22.9
5988,24.7
5989,26.8
5990,18.1
5991,17.9
5992,20.2
5993,21.1
5994,21.3
5995,21.1
5996,21.5
5997,20.1
5998,18.2
5999,17.2
6000,17
6001,17.3
6002,17.4
6003,17.8
6004,18.3
6005,17.8
6006,19.3
6007,22.1
6008,22.9
6009,23.9
6010,24.1
6011,25.6
6012,23.1
6013,24.3
6014,24
6015,23.9
6016,22.6
6017,23.5
6018,22.9
6019,23.1
6020,22
6021,20.4
6022,19.1
6023,19.9
6024,18.8
6025,18.6
6026,18.5
6027,18.5
6028,18
6029,17.5
6030,15.7
6031,16.1
6032,16.7
6033,17.4
6034,17.7
6035,18.3
6036,17.4
6037,17.6
6038,18.5
6039,18.7
6040,18.2
6041,18.2
6042,17.7
6043,16.5
6044,15.5
6045,14.7
6046,14.4
6047,13.7
6048,13.4
6049,13.7
6050,13.5
6051,13.5
6052,13.1
6053,13.2
6054,13.3
6055,13.6
6056,14.6
6057,15.8
6058,15.1
6059,16.6
6060,17.1
6061,17.9
6062,17.6
6063,16.9
6064,17.1
6065,16.9
6066,16.8
6067,15.4
6068,13.8
6069,13
6070,12.8
6071,13.5
6072,13.9
6073,14.4
6074,12.8
6075,11
6076,10.8
6077,11
6078,11.4
6079,11.6
6080,11.3
6081,10.7
6082,11.3
6083,12.1
6084,12
6085,12.5
6086,12.5
6087,12.2
6088,12
6089,11.9
6090,11.4
6091,10.8
6092,1
6093,8.4
6094,7.3
6095,6.2
6096,5
6097,4.5
6098,5.1
6099,5.9
6100,7
6101,7.8
6102,8.7
6103,10.2
6104,10.7
6105,11.8
6106,13.1
6107,14.7
6108,14.7
6109,14.5
6110,14.9
6111,14.8
6112,14
6113,14.2
6114,13.8
6115,14.6
6116,12.6
6117,11.6
6118,10.8
6119,11
6120,10.8
6121,11.3
6122,11.1
6123,11.4
6124,11.2
6125,11.6
6126,12
6127,12.3
6128,12.8
6129,12.9
6130,13.2
6131,14
6132,14.4
6133,14.4
6134,15.5
6135,14.2
6136,14
6137,14.1
6138,14.2
6139,14
6140,13.9
6141,13.7
6142,13.4
6143,13.1
6144,12.9
6145,13
6146,12.8
6147,12.6
6148,12.4
6149,12.8
6150,13
6151,13.3
6152,14
6153,16.5
6154,19
6155,19.4
6156,18.9
6157,18.5
6158,17.2
6159,15
6160,13.7
6161,13.4
6162,12.7
6163,12.3
6164,12.1
6165,11.4
6166,10.5
6167,9.8
6168,9.7
6169,1
6170,9.8
6171,9.7
6172,9.7
6173,10.4
6174,10.7
6175,11
6176,11.7
6177,12.1
6178,12.8
6179,13.4
6180,14.1
6181,15.7
6182,15.3
6183,15.3
6184,15.5
6185,15.9
6186,16
6187,15.7
6188,15
6189,13.7
6190,12.9
6191,12.3
6192,11.6
6193,10.6
6194,10.3
6195,10.3
6196,10.6
6197,11.6
6198,12.3
6199,13.9
6200,16.2
6201,17.5
6202,18.5
6203,17.2
6204,17.7
6205,19.2
6206,19.3
6207,19.9
6208,18.7
6209,19
6210,17.9
6211,17.3
6212,16.7
6213,15.1
6214,14.2
6215,13.3
6216,12.5
6217,12.2
6218,12.3
6219,12.6
6220,13
6221,14.3
6222,16.6
6223,17.9
6224,19.6
6225,21.2
6226,22.4
6227,23.6
6228,20.2
6229,21.2
6230,22.4
6231,20.6
6232,2
6233,20.1
6234,19.7
6235,19.1
6236,18.5
6237,16.1
6238,14.8
6239,13.7
6240,13.1
6241,13
6242,13
6243,13.2
6244,15.3
6245,15.7
6246,15.9
6247,17.4
6248,19.1
6249,19.8
6250,21.9
6251,2
6252,20.6
6253,21.1
6254,19.8
6255,20.7
6256,20.3
6257,20.7
6258,19.8
6259,18.4
6260,17.7
6261,17.5
6262,17.2
6263,16.4
6264,15.8
6265,15.8
6266,15.6
6267,15.4
6268,15.4
6269,15.8
6270,16.5
6271,15.8
6272,18.1
6273,19.1
6274,19.6
6275,19.5
6276,19.7
6277,20.6
6278,20.1
6279,20.2
6280,20.1
6281,19.8
6282,18.6
6283,18.6
6284,17.7
6285,16.2
6286,14.5
6287,13.2
6288,12.2
6289,12.8
6290,12.7
6291,12.9
6292,14.7
6293,15.4
6294,16.6
6295,16.6
6296,18.5
6297,17.8
6298,15.9
6299,17.1
6300,18.9
6301,21.7
6302,23.8
6303,25.2
6304,25.5
6305,24.2
6306,23.9
6307,20.9
6308,20.8
6309,20.3
6310,19.1
6311,18.7
6312,18.7
6313,16.7
6314,16.6
6315,16.4
6316,16.4
6317,16.9
6318,17
6319,17.5
6320,17.7
6321,18.2
6322,20.2
6323,20.6
6324,21.3
6325,20.5
6326,20.2
6327,20.4
6328,19
6329,19.4
6330,19.2
6331,18.9
6332,17.5
6333,16.4
6334,15.2
6335,14.2
6336,13.4
6337,13
6338,12.7
6339,12.6
6340,13.7
6341,13.3
6342,13.7
6343,13.8
6344,12.5
6345,13.5
6346,13.4
6347,13
6348,12.9
6349,14.1
6350,16.5
6351,16.9
6352,16.7
6353,16.3
6354,16.7
6355,15.8
6356,15.3
6357,14.7
6358,14.7
6359,14
6360,13.7
6361,13.3
6362,13
6363,12.7
6364,12.6
6365,12.7
6366,12.8
6367,13.1
6368,13.7
6369,14.4
6370,15
6371,16.1
6372,16.3
6373,17.6
6374,17.2
6375,16.8
6376,16.4
6377,16.3
6378,16.3
6379,15.9
6380,14.7
6381,13.1
6382,12.1
6383,11
6384,11.3
6385,13.3
6386,13.4
6387,13
6388,12.7
6389,12.7
6390,13.2
6391,13.8
6392,14.6
6393,15.3
6394,15.3
6395,15.8
6396,16.3
6397,16.5
6398,17
6399,16.9
6400,17.1
6401,17.3
6402,16.8
6403,16.2
6404,15.4
6405,14.4
6406,13.2
6407,12.7
6408,11.4
6409,11.7
6410,11.7
6411,11
6412,13.6
6413,14
6414,14.2
6415,12.8
6416,14.1
6417,14.6
6418,15.5
6419,17.1
6420,17.8
6421,16.5
6422,16.8
6423,16
6424,15.9
6425,16
6426,15.2
6427,14.9
6428,14.7
6429,14.3
6430,13.6
6431,13.4
6432,13.9
6433,13.8
6434,13.8
6435,13.8
6436,13.3
6437,13.3
6438,13.5
6439,13.1
6440,13.3
6441,13.8
6442,13.9
6443,14.1
6444,14.5
6445,14.5
6446,14.8
6447,15.2
6448,15.1
6449,15.1
6450,14.5
6451,14.1
6452,14
6453,13.8
6454,13.5
6455,13.4
6456,12.5
6457,12.7
6458,13.2
6459,12.4
6460,12.1
6461,12
6462,13.2
6463,13.8
6464,13.7
6465,15
6466,15.6
6467,16.3
6468,15.4
6469,15.8
6470,16.5
6471,17.7
6472,18.2
6473,18.4
6474,18
6475,17.9
6476,16.8
6477,16
6478,14.2
6479,13.2
6480,12.1
6481,12.1
6482,11.4
6483,11
6484,11.7
6485,12.4
6486,12.6
6487,13
6488,13.5
6489,13.6
6490,13.2
6491,14
6492,14.2
6493,14.7
6494,15.4
6495,15.5
6496,16.1
6497,16.5
6498,15.1
6499,16.9
6500,15.9
6501,15.5
6502,15.4
6503,15.3
6504,15.1
6505,15
6506,14.5
6507,14.3
6508,14.2
6509,14.6
6510,14.5
6511,15.4
6512,16.6
6513,16.5
6514,15.8
6515,16.1
6516,16.3
6517,16.3
6518,16.4
6519,16.8
6520,17.8
6521,17.5
6522,16.8
6523,16.5
6524,16.5
6525,15.7
6526,15.6
6527,15
6528,13.7
6529,12
6530,11.1
6531,8.8
6532,9.7
6533,11
6534,12.3
6535,13
6536,13.7
6537,14.7
6538,15
6539,15
6540,15.7
6541,15.9
6542,15.3
6543,14.6
6544,14.2
6545,13
6546,12.2
6547,12.4
6548,12.8
6549,13.1
6550,14.3
6551,15.5
6552,15.8
6553,15
6554,14.7
6555,15
6556,14.3
6557,14
6558,14.8
6559,14.2
6560,15.1
6561,16
6562,17.5
6563,17.5
6564,18.8
6565,18.9
6566,19.5
6567,19.9
6568,19.4
6569,18.5
6570,17.8
6571,16.9
6572,15.4
6573,15.2
6574,15
6575,13.6
6576,13.7
6577,13.5
6578,13.8
6579,13.3
6580,11.9
6581,11
6582,10.3
6583,11.1
6584,11.5
6585,12.4
6586,13.8
6587,14.7
6588,15.7
6589,15.7
6590,16
6591,16.6
6592,16.4
6593,16.9
6594,15.9
6595,15.7
6596,15.3
6597,14.2
6598,12.3
6599,13.5
6600,12.9
6601,12.4
6602,12
6603,11.4
6604,11.1
6605,11.2
6606,11.7
6607,12.2
6608,12.4
6609,13.3
6610,13.6
6611,13.8
6612,13.7
6613,14.5
6614,15
6615,15
6616,14.7
6617,15.1
6618,15
6619,14.8
6620,14.4
6621,13.5
6622,14
6623,13.5
6624,13.1
6625,12.4
6626,11.8
6627,11.6
6628,11.6
6629,11.7
6630,12
6631,12.5
6632,13
6633,13.8
6634,14.3
6635,13.7
6636,14.5
6637,15.2
6638,15
6639,15.7
6640,15.2
6641,15.1
6642,14.3
6643,14.4
6644,13.2
6645,12.4
6646,12.4
6647,10.7
6648,10.1
6649,8.2
6650,8.1
6651,8.3
6652,8.9
6653,9.8
6654,11.3
6655,13.6
6656,16.1
6657,17.4
6658,17.8
6659,17.7
6660,18
6661,19
6662,18.7
6663,17.8
6664,18.3
6665,16.9
6666,16.4
6667,15.4
6668,14.2
6669,13
6670,11.8
6671,11.2
6672,11.4
6673,10.9
6674,11.4
6675,12.5
6676,12.8
6677,13.4
6678,13.6
6679,12.6
6680,13.2
6681,13.7
6682,13.4
6683,13.9
6684,13.9
6685,15.2
6686,15.3
6687,16.1
6688,15.7
6689,14.8
6690,14.4
6691,13.6
6692,12.9
6693,11.5
6694,10.3
6695,9.6
6696,9.6
6697,8.8
6698,8.9
6699,8.8
6700,10.2
6701,11.4
6702,12.3
6703,13.3
6704,15.4
6705,15.7
6706,17
6707,16.2
6708,18.1
6709,16.8
6710,17.1
6711,17.8
6712,17.2
6713,16.7
6714,16.7
6715,15.6
6716,14.6
6717,14.2
6718,13.9
6719,13.5
6720,13.2
6721,13.1
6722,13.3
6723,13.4
6724,14.1
6725,14.7
6726,14.2
6727,14.2
6728,13.3
6729,13.9
6730,14.2
6731,13.9
6732,13.8
6733,13.8
6734,13.8
6735,13.4
6736,13.1
6737,12.6
6738,13.1
6739,12.3
6740,12.1
6741,12
6742,12.2
6743,12.1
6744,11.7
6745,11.6
6746,10.6
6747,9.7
6748,9.4
6749,9.6
6750,10.1
6751,10.2
6752,10.6
6753,11.2
6754,12.3
6755,13.4
6756,14.8
6757,14.6
6758,15.7
6759,16
6760,15.9
6761,15.8
6762,15.1
6763,14.8
6764,13.7
6765,12.7
6766,11.5
6767,11.3
6768,11.1
6769,11.3
6770,11.1
6771,12.3
6772,13.1
6773,14.1
6774,15.4
6775,16.7
6776,16.3
6777,18.5
6778,16.9
6779,16.6
6780,15.8
6781,15.2
6782,15.4
6783,14.9
6784,14.2
6785,14.2
6786,13.9
6787,13.5
6788,12.6
6789,12.1
6790,12.1
6791,12.1
6792,12
6793,11.8
6794,11.4
6795,11.1
6796,10.9
6797,10.8
6798,11.2
6799,12.9
6800,14
6801,14.1
6802,15.2
6803,16.5
6804,16.1
6805,16.7
6806,16.1
6807,16.3
6808,16.2
6809,16.5
6810,14.8
6811,13.7
6812,12.5
6813,11.2
6814,9.6
6815,8.9
6816,7.9
6817,6.8
6818,7
6819,6.8
6820,7.9
6821,11.1
6822,13
6823,13.8
6824,15.8
6825,16.8
6826,17.7
6827,18
6828,18.4
6829,19
6830,18.5
6831,18.3
6832,18.5
6833,17.7
6834,16.5
6835,15.8
6836,15
6837,14
6838,12.9
6839,11.9
6840,9.8
6841,10.1
6842,11.2
6843,11.1
6844,12.3
6845,13.7
6846,15.5
6847,16.3
6848,17.6
6849,18.1
6850,18.6
6851,18.5
6852,17.7
6853,16.5
6854,16.9
6855,16.6
6856,16.1
6857,15.5
6858,14.7
6859,13.9
6860,13.2
6861,12.5
6862,11.2
6863,10.5
6864,9.5
6865,9.4
6866,8.6
6867,8.3
6868,9.3
6869,11.7
6870,12.3
6871,13.7
6872,14.9
6873,15.8
6874,15.6
6875,15.6
6876,16.7
6877,16.1
6878,15.6
6879,17
6880,16.4
6881,16.5
6882,15.7
6883,15.6
6884,13.8
6885,12.1
6886,10.7
6887,10.4
6888,10.8
6889,10.1
6890,10.4
6891,10.9
6892,11.3
6893,11
6894,11.6
6895,12.5
6896,13.4
6897,13.7
6898,14.6
6899,13.9
6900,13.9
6901,13.5
6902,14.2
6903,15.6
6904,15.3
6905,14.3
6906,13.7
6907,13.4
6908,13.1
6909,13.2
6910,12.5
6911,12.4
6912,12.4
6913,12.6
6914,12.5
6915,12.8
6916,13
6917,13.2
6918,14
6919,15.1
6920,15.6
6921,16.5
6922,17.5
6923,17.5
6924,17.5
6925,18.9
6926,18.6
6927,17
6928,16.1
6929,15.9
6930,15.5
6931,14.9
6932,14.2
6933,13.8
6934,13.4
6935,12.9
6936,12.9
6937,12.9
6938,12.7
6939,12.5
6940,12.1
6941,12.4
6942,12.7
6943,13.1
6944,13.7
6945,14.6
6946,17.4
6947,16
6948,17.1
6949,18.5
6950,19.4
6951,18
6952,19.3
6953,17.6
6954,17.4
6955,15.9
6956,15.4
6957,13.5
6958,12.8
6959,11.8
6960,11.2
6961,10.9
6962,10.6
6963,10.3
6964,10.6
6965,12
6966,13.7
6967,15.9
6968,17.3
6969,18.5
6970,19.1
6971,19.3
6972,19.1
6973,20.2
6974,19.4
6975,20.1
6976,19.9
6977,18.8
6978,18.8
6979,17.2
6980,15.8
6981,14.1
6982,13.1
6983,12.2
6984,11.3
6985,10.5
6986,10.4
6987,10.5
6988,11.6
6989,13.5
6990,15.1
6991,17.2
6992,18.1
6993,18.9
6994,19.6
6995,20.8
6996,20.9
6997,20.6
6998,20.2
6999,20.8
7000,20.7
7001,20.6
7002,20.2
7003,18.7
7004,17.2
7005,15.4
7006,13.9
7007,12.4
7008,11.8
7009,11.1
7010,10.4
7011,10.5
7012,10.9
7013,13
7014,15.2
7015,17.2
7016,18.8
7017,20.3
7018,20.9
7019,21
7020,21.6
7021,21.2
7022,21.6
7023,21.9
7024,21.6
7025,21.9
7026,22.4
7027,22
7028,19.7
7029,17
7030,15
7031,14
7032,12.9
7033,12.3
7034,11.8
7035,11.4
7036,11.8
7037,13.9
7038,16.8
7039,20.3
7040,22.3
7041,23.4
7042,24.4
7043,24.3
7044,23.7
7045,23.9
7046,24
7047,24.4
7048,23.6
7049,24.3
7050,24.7
7051,23.7
7052,21.8
7053,19.2
7054,17.1
7055,16.1
7056,15
7057,14.1
7058,13.5
7059,13.1
7060,14.1
7061,16.8
7062,18.9
7063,20.9
7064,22.8
7065,24.8
7066,26.6
7067,27.4
7068,28.3
7069,28.2
7070,28.7
7071,28.3
7072,27.2
7073,28.5
7074,24.2
7075,23.4
7076,22.3
7077,2
7078,18.6
7079,17.7
7080,17.2
7081,16.3
7082,15.9
7083,15.4
7084,15.2
7085,16.1
7086,16.8
7087,18.8
7088,20.4
7089,22
7090,23.6
7091,21.4
7092,20.7
7093,21.2
7094,21.9
7095,21.5
7096,21.9
7097,22.7
7098,23.1
7099,21.9
7100,19.8
7101,18.6
7102,17.2
7103,16.5
7104,16
7105,15.4
7106,14.7
7107,15.4
7108,15.1
7109,15.3
7110,15.8
7111,17
7112,17.4
7113,19.5
7114,21.5
7115,22.3
7116,22
7117,23.4
7118,23.8
7119,23.9
7120,23.5
7121,23.4
7122,22.7
7123,21.9
7124,20.3
7125,19
7126,18.8
7127,18
7128,17.1
7129,16.4
7130,16.6
7131,16
7132,16.1
7133,16.4
7134,18.3
7135,21.5
7136,22.7
7137,24.7
7138,25.3
7139,25.3
7140,25.4
7141,24.9
7142,25.8
7143,26.8
7144,26.6
7145,25.7
7146,27.8
7147,26.7
7148,25
7149,22.7
7150,20.9
7151,19.8
7152,18.7
7153,19.2
7154,18.3
7155,17.7
7156,18
7157,18.6
7158,20.7
7159,23.2
7160,25.6
7161,28
7162,29
7163,29.1
7164,26.8
7165,26.3
7166,26.4
7167,26.6
7168,27.3
7169,28.6
7170,28.3
7171,27.5
7172,25.2
7173,22.6
7174,20.8
7175,19.9
7176,19.2
7177,18.5
7178,17.8
7179,17.3
7180,17.8
7181,19.5
7182,21.7
7183,24.4
7184,26
7185,27.9
7186,27.8
7187,27.7
7188,28.1
7189,28.5
7190,29.2
7191,29.9
7192,29.9
7193,29.8
7194,29.2
7195,27.4
7196,26
7197,23.1
7198,21.4
7199,20.7
7200,19.5
7201,19
7202,18.5
7203,18.4
7204,17.6
7205,19.8
7206,22.8
7207,24.9
7208,25.4
7209,24.9
7210,23.4
7211,21.8
7212,19.5
7213,18.5
7214,2
7215,2
7216,2
7217,19.4
7218,18.6
7219,17.7
7220,16.3
7221,15.3
7222,14.6
7223,13.9
7224,13.2
7225,12.9
7226,12.1
7227,11.6
7228,11.5
7229,12.3
7230,13.7
7231,16
7232,17.6
7233,18.3
7234,18.2
7235,17.6
7236,16.4
7237,15
7238,15.1
7239,14
7240,14.3
7241,14.6
7242,13.8
7243,13
7244,12.1
7245,11.4
7246,10.7
7247,10.1
7248,9.7
7249,9.2
7250,9.1
7251,8.4
7252,9
7253,9.6
7254,10.5
7255,12
7256,12.5
7257,13.4
7258,13
7259,13
7260,12.2
7261,12
7262,11.7
7263,12.1
7264,12.2
7265,12.1
7266,12.5
7267,12.6
7268,12.6
7269,12.6
7270,12.8
7271,12.7
7272,12.6
7273,12.4
7274,12.1
7275,11.2
7276,10.8
7277,10.8
7278,11.1
7279,11.1
7280,11
7281,11.3
7282,11
7283,11.3
7284,11
7285,11.1
7286,11.6
7287,11.4
7288,11.7
7289,11.2
7290,10.7
7291,10.3
7292,9.6
7293,8.9
7294,8.5
7295,8.2
7296,7.3
7297,6.3
7298,6.9
7299,6.4
7300,6.2
7301,7.6
7302,11.6
7303,13.2
7304,13.7
7305,14.3
7306,15
7307,15.4
7308,15.5
7309,15
7310,15.1
7311,14.6
7312,15.2
7313,14.6
7314,14.5
7315,14.2
7316,13.6
7317,13.5
7318,13.6
7319,12.2
7320,11.3
7321,9.7
7322,9.1
7323,9.1
7324,9.1
7325,11
7326,12
7327,13.4
7328,14.1
7329,15.4
7330,16.6
7331,16.2
7332,15.1
7333,14.3
7334,15.2
7335,13
7336,13.3
7337,13.5
7338,12.9
7339,12.2
7340,10.8
7341,9.8
7342,8.7
7343,8
7344,7.3
7345,7.3
7346,7.2
7347,7
7348,6.1
7349,7.3
7350,9.6
7351,11.2
7352,10.8
7353,10.5
7354,12.9
7355,14.2
7356,14.4
7357,14.2
7358,13.9
7359,14.5
7360,14.6
7361,14.1
7362,13.6
7363,12
7364,10.6
7365,9.4
7366,7.9
7367,7.5
7368,6.8
7369,7.8
7370,8.7
7371,8.8
7372,8.9
7373,9.7
7374,10.7
7375,12
7376,12.9
7377,14
7378,13.6
7379,13.8
7380,15.2
7381,16.3
7382,16.5
7383,16.9
7384,15.2
7385,14.5
7386,14.3
7387,13.6
7388,13
7389,12.3
7390,11.3
7391,11
7392,10.9
7393,11.2
7394,11.5
7395,11.5
7396,10.2
7397,12
7398,14.9
7399,15.9
7400,16.9
7401,18.1
7402,18.3
7403,18.4
7404,19
7405,2
7406,2
7407,20.2
7408,19.5
7409,18.7
7410,18.4
7411,17.4
7412,14.8
7413,12.1
7414,11.2
7415,10.2
7416,9.7
7417,1
7418,8.6
7419,8.3
7420,9.5
7421,1
7422,10.1
7423,12.8
7424,13.9
7425,16
7426,16.7
7427,18.2
7428,19.9
7429,20.6
7430,21.3
7431,21.3
7432,20.4
7433,2
7434,19
7435,17.7
7436,16.6
7437,15.7
7438,15.3
7439,14.7
7440,14.4
7441,13.7
7442,12.7
7443,12.9
7444,13.2
7445,13
7446,13.1
7447,14.7
7448,16.6
7449,19.4
7450,21.6
7451,20.7
7452,17.9
7453,17.1
7454,18.6
7455,18.6
7456,16.5
7457,17.1
7458,15.9
7459,15.7
7460,15.2
7461,14.5
7462,13.9
7463,13.6
7464,13.4
7465,13.1
7466,12.9
7467,12.7
7468,12.5
7469,12.8
7470,13.2
7471,13.7
7472,14
7473,15.4
7474,15.6
7475,17
7476,17.1
7477,17.8
7478,18.5
7479,19.6
7480,18.4
7481,18.8
7482,17.6
7483,16.6
7484,15.6
7485,14.7
7486,14.5
7487,14.6
7488,14.7
7489,14.7
7490,14.5
7491,14.4
7492,14.3
7493,14.6
7494,14.9
7495,15.9
7496,16.6
7497,18
7498,17.8
7499,19.8
7500,18.9
7501,20.3
7502,19.2
7503,19.2
7504,18.9
7505,18.5
7506,17.9
7507,16.5
7508,14.7
7509,13.1
7510,11.7
7511,11.8
7512,10.5
7513,9.8
7514,8.8
7515,8.6
7516,8.6
7517,9.7
7518,11.5
7519,14.5
7520,16.4
7521,19.2
7522,20.6
7523,21.6
7524,22
7525,22.7
7526,23.9
7527,24
7528,23
7529,22
7530,21
7531,19.9
7532,18.2
7533,16.6
7534,16.2
7535,16.3
7536,16.1
7537,15.5
7538,13.6
7539,13.1
7540,14
7541,14.6
7542,14.5
7543,15.2
7544,15.4
7545,17.5
7546,21.2
7547,22.2
7548,22.4
7549,20.7
7550,18.8
7551,16.5
7552,17.4
7553,17.3
7554,17.7
7555,17.1
7556,16.5
7557,16.2
7558,15.5
7559,15.3
7560,15.7
7561,15.8
7562,15.9
7563,15.9
7564,16
7565,16.1
7566,16.3
7567,16.3
7568,16.4
7569,17
7570,17.4
7571,17.9
7572,18.2
7573,18.1
7574,17.8
7575,16.5
7576,17.8
7577,18.2
7578,17.7
7579,17.5
7580,17
7581,15.3
7582,15.1
7583,14.9
7584,14.6
7585,14.1
7586,14.1
7587,13.8
7588,13.4
7589,13.6
7590,14.3
7591,15.3
7592,16.2
7593,17
7594,19.5
7595,18.4
7596,18.6
7597,18
7598,17.5
7599,17.1
7600,17.7
7601,17.3
7602,16.6
7603,16.2
7604,15.5
7605,15.3
7606,14.8
7607,15
7608,14.9
7609,14.4
7610,14
7611,12.8
7612,12.3
7613,12.1
7614,13.6
7615,14.9
7616,16.3
7617,17.1
7618,18.1
7619,16.7
7620,15.9
7621,17
7622,16.5
7623,16.3
7624,16.5
7625,15.8
7626,15.8
7627,15
7628,14.4
7629,14.2
7630,14
7631,14.1
7632,14
7633,13.4
7634,13.1
7635,14
7636,14.1
7637,14.1
7638,14.1
7639,13.9
7640,14.1
7641,14.1
7642,14.5
7643,14.4
7644,14.7
7645,14.9
7646,15.4
7647,15.7
7648,15.9
7649,16
7650,16.3
7651,16.1
7652,15.9
7653,15.7
7654,15.3
7655,13.7
7656,13
7657,11.9
7658,10.7
7659,9.8
7660,10.4
7661,11.8
7662,12.3
7663,12.4
7664,13.3
7665,16.6
7666,19.6
7667,20.6
7668,20.9
7669,21.3
7670,21
7671,20.2
7672,19.3
7673,18.7
7674,18
7675,17.5
7676,17.2
7677,16.8
7678,16.6
7679,16.5
7680,15.8
7681,15.7
7682,15.1
7683,15.3
7684,14.6
7685,15.4
7686,16
7687,17
7688,18.2
7689,18.7
7690,18.9
7691,19.6
7692,20.8
7693,20.8
7694,21.4
7695,18.2
7696,19.6
7697,19.5
7698,18.9
7699,17.7
7700,17.1
7701,16.4
7702,16.3
7703,15.8
7704,15.8
7705,15.8
7706,15.6
7707,15.6
7708,15.4
7709,15.5
7710,15.6
7711,15.4
7712,15.6
7713,15.8
7714,15.4
7715,15.3
7716,15.1
7717,15.1
7718,15.8
7719,16.1
7720,16.4
7721,16.9
7722,16.8
7723,16.3
7724,16.1
7725,16
7726,15.5
7727,14.8
7728,14.7
7729,14.7
7730,14.7
7731,14.5
7732,14.5
7733,14.6
7734,14.6
7735,14.8
7736,15.1
7737,16.4
7738,16.1
7739,16.3
7740,16.8
7741,17.7
7742,18.7
7743,18.6
7744,17.8
7745,17.8
7746,17.3
7747,15.9
7748,15
7749,14.7
7750,14.2
7751,13.7
7752,13.5
7753,13.2
7754,13.2
7755,12.9
7756,12.9
7757,13.4
7758,14.5
7759,15.7
7760,16.6
7761,16.4
7762,18
7763,17.8
7764,17.8
7765,19.3
7766,18.1
7767,18
7768,18.4
7769,17.8
7770,17.3
7771,16.3
7772,15.3
7773,14.6
7774,14.4
7775,14.1
7776,13.9
7777,13.6
7778,13.3
7779,12.6
7780,12.8
7781,13.2
7782,14.1
7783,15.7
7784,17.3
7785,18.1
7786,18.9
7787,18.9
7788,19.1
7789,19.1
7790,19
7791,18.5
7792,17.9
7793,17.5
7794,16.1
7795,15.5
7796,14.6
7797,14.5
7798,14.6
7799,14.2
7800,15.3
7801,13.7
7802,13.2
7803,11.7
7804,12.6
7805,12.9
7806,13.8
7807,13.7
7808,14
7809,14.6
7810,15.4
7811,15.8
7812,16.6
7813,17
7814,17.3
7815,16.4
7816,16.2
7817,16.6
7818,15.8
7819,14.2
7820,12.9
7821,13.2
7822,12.6
7823,13.3
7824,13.4
7825,13.4
7826,13.9
7827,13.3
7828,13.2
7829,13
7830,13
7831,13.8
7832,15.2
7833,16.6
7834,16.4
7835,15.6
7836,16.9
7837,17.5
7838,16.4
7839,16.6
7840,16.1
7841,16
7842,16
7843,15
7844,14.2
7845,14.3
7846,15
7847,14.6
7848,14.1
7849,13.8
7850,13.5
7851,13
7852,13.1
7853,13
7854,13.7
7855,14.5
7856,15.4
7857,16.1
7858,16.9
7859,17.4
7860,18.4
7861,18.9
7862,18.5
7863,19.1
7864,17.8
7865,17.4
7866,16.6
7867,14.7
7868,12.6
7869,11.3
7870,10.7
7871,10.6
7872,10.8
7873,10.7
7874,10.1
7875,10.8
7876,11.2
7877,12
7878,12.5
7879,13.7
7880,14.8
7881,16.1
7882,18.1
7883,19.8
7884,19.8
7885,2
7886,19.1
7887,19.1
7888,18.3
7889,18.2
7890,17.9
7891,17.5
7892,17
7893,16.4
7894,16.3
7895,15.7
7896,15.5
7897,15.6
7898,15.5
7899,17.2
7900,17
7901,16.7
7902,16.8
7903,16.8
7904,16.8
7905,17
7906,17
7907,17.4
7908,18.6
7909,18.7
7910,18.9
7911,18.9
7912,19.6
7913,19.3
7914,18.8
7915,16.8
7916,16.4
7917,15.9
7918,14.3
7919,13.1
7920,12.9
7921,13
7922,12.5
7923,11.6
7924,11.5
7925,11.4
7926,12.5
7927,15
7928,18.1
7929,21.3
7930,23.3
7931,24.9
7932,25.6
7933,26.1
7934,25.3
7935,24
7936,23.9
7937,23.2
7938,21.2
7939,18.9
7940,18.3
7941,17.5
7942,16.8
7943,16.6
7944,16.3
7945,15.7
7946,15.7
7947,15.9
7948,15.6
7949,15.8
7950,17
7951,17.6
7952,18.8
7953,21.4
7954,23.3
7955,24.6
7956,25.3
7957,25.3
7958,25.4
7959,24.5
7960,24.4
7961,23.7
7962,22
7963,20.2
7964,19.2
7965,17.7
7966,17.6
7967,16.6
7968,17.1
7969,15.7
7970,15.9
7971,15.8
7972,15.3
7973,14.8
7974,15.7
7975,17.7
7976,20.4
7977,23.2
7978,25.4
7979,26.7
7980,27.2
7981,27.8
7982,27.6
7983,26.1
7984,25.5
7985,24.1
7986,23.2
7987,22
7988,20.4
7989,19
7990,18.6
7991,18.8
7992,19.1
7993,18.5
7994,18.6
7995,18.2
7996,17.8
7997,17.3
7998,17.6
7999,18
8000,18.3
8001,19.8
8002,19.4
8003,20.6
8004,20.8
8005,21.2
8006,20.8
8007,19.3
8008,17.9
8009,17.5
8010,16.7
8011,16.5
8012,15.8
8013,15.3
8014,14.5
8015,14
8016,14.4
8017,14.3
8018,14.1
8019,14
8020,13.9
8021,13.9
8022,14.6
8023,16.6
8024,17.4
8025,17.6
8026,17.9
8027,18.1
8028,18
8029,18.4
8030,18.4
8031,18
8032,18
8033,17.8
8034,17.8
8035,16.5
8036,16
8037,15.4
8038,15.5
8039,15.4
8040,15.5
8041,15.8
8042,15.7
8043,15.3
8044,15.4
8045,15.4
8046,16.2
8047,16.9
8048,17.6
8049,18.3
8050,21.1
8051,22.9
8052,23.6
8053,24.7
8054,25.4
8055,24.9
8056,25.2
8057,24.4
8058,23
8059,21.9
8060,21.5
8061,20.9
8062,20.7
8063,20.2
8064,19.2
8065,19.2
8066,18.9
8067,18.9
8068,18.5
8069,18.2
8070,18.3
8071,17.7
8072,17.4
8073,17.2
8074,17.3
8075,17.2
8076,15.7
8077,14.2
8078,13.9
8079,13.3
8080,13.4
8081,13.6
8082,14.2
8083,14.4
8084,14.2
8085,13.6
8086,13.1
8087,13.3
8088,14
8089,13.5
8090,11.9
8091,10.7
8092,9.8
8093,1
8094,10.7
8095,12
8096,14.3
8097,15.8
8098,16.1
8099,17
8100,17.9
8101,18
8102,18.1
8103,17.4
8104,17.2
8105,15.6
8106,14.8
8107,13.6
8108,12.5
8109,11.5
8110,11
8111,10.6
8112,1
8113,1
8114,10.2
8115,10.1
8116,10.3
8117,10.5
8118,10.6
8119,11.2
8120,13
8121,14.1
8122,15.1
8123,13.2
8124,13.3
8125,13.3
8126,13
8127,13.9
8128,14.4
8129,13.7
8130,12.7
8131,11.6
8132,10.3
8133,9.6
8134,9.5
8135,9
8136,7.8
8137,7.6
8138,8.1
8139,8.6
8140,8.9
8141,9.3
8142,9.5
8143,9.9
8144,11.4
8145,12.9
8146,13.8
8147,13.6
8148,14.6
8149,16.4
8150,16.5
8151,16.7
8152,16.2
8153,16
8154,15.4
8155,14.8
8156,13.8
8157,13.3
8158,13.2
8159,12.7
8160,13.8
8161,12.6
8162,11.7
8163,11.8
8164,11.2
8165,11.7
8166,11.4
8167,12
8168,12.7
8169,12.6
8170,12.7
8171,13.4
8172,13.9
8173,14.3
8174,13.8
8175,13.7
8176,13.8
8177,12.7
8178,12.4
8179,11.8
8180,1
8181,9.4
8182,9.2
8183,8.2
8184,8.6
8185,8.1
8186,8
8187,7.8
8188,8.2
8189,8.4
8190,9.2
8191,10.6
8192,11.9
8193,12.8
8194,13.7
8195,14.2
8196,15.3
8197,14.2
8198,12.2
8199,12.6
8200,12.5
8201,12.7
8202,12.3
8203,11.9
8204,12
8205,12.2
8206,12.1
8207,12
8208,11.8
8209,11.1
8210,10.7
8211,10.4
8212,10.1
8213,1
8214,10.7
8215,11.8
8216,12.2
8217,13.7
8218,14.9
8219,14.8
8220,15.2
8221,16.2
8222,16.3
8223,16.2
8224,16.1
8225,15.6
8226,13.8
8227,11.9
8228,11
8229,10.4
8230,9.9
8231,9.7
8232,9.5
8233,9.5
8234,9
8235,8.6
8236,8.2
8237,7.9
8238,8.3
8239,9.8
8240,11.5
8241,12.4
8242,13.6
8243,14.8
8244,16.1
8245,17.1
8246,17.3
8247,17
8248,17.7
8249,17.4
8250,16.8
8251,16.3
8252,16
8253,15.3
8254,15.5
8255,15.3
8256,15.4
8257,14.9
8258,15
8259,15
8260,15.1
8261,15.1
8262,15.2
8263,15.5
8264,16.1
8265,16.5
8266,19
8267,18.3
8268,19.8
8269,19.9
8270,20.9
8271,20.9
8272,20.9
8273,19.8
8274,18.5
8275,16.9
8276,16.9
8277,16.3
8278,15.6
8279,14.7
8280,14.6
8281,13.5
8282,13.3
8283,13.8
8284,14.1
8285,14.3
8286,14.1
8287,14.8
8288,16.5
8289,18.5
8290,18.7
8291,17.1
8292,16.4
8293,16.7
8294,16.3
8295,16.9
8296,15.4
8297,14.9
8298,14.9
8299,14.4
8300,14.1
8301,14.3
8302,14.5
8303,14.7
8304,15.1
8305,14.3
8306,14.1
8307,13.8
8308,13.5
8309,13.3
8310,13.5
8311,13.7
8312,13.8
8313,14.1
8314,14.8
8315,15.6
8316,15.5
8317,16.1
8318,16.2
8319,16
8320,16.2
8321,14.9
8322,14.6
8323,14.6
8324,14.1
8325,14.4
8326,12.9
8327,11.5
8328,12.8
8329,13.3
8330,13.3
8331,12.7
8332,12.5
8333,12
8334,11.7
8335,11.9
8336,12.3
8337,12.7
8338,13
8339,13.1
8340,13.3
8341,13.5
8342,13.7
8343,14
8344,12.8
8345,13.2
8346,12.9
8347,9.5
8348,10.8
8349,11
8350,10.8
8351,10.5
8352,10.2
8353,1
8354,9.5
8355,9.2
8356,9
8357,8.8
8358,8.9
8359,9.3
8360,9.9
8361,10.7
8362,10.8
8363,10.9
8364,11.3
8365,11.4
8366,12
8367,12.4
8368,13
8369,12.6
8370,12
8371,12.2
8372,10.4
8373,9.3
8374,7.1
8375,6.2
8376,6.6
8377,7
8378,7.4
8379,7.6
8380,7.2
8381,7.3
8382,7.3
8383,7.2
8384,7.6
8385,7.9
8386,8.5
8387,9.6
8388,10.6
8389,11.8
8390,11
8391,1
8392,9.2
8393,9.7
8394,8.9
8395,8.9
8396,8.6
8397,8.5
8398,8.7
8399,8.4
8400,8.4
8401,8.5
8402,8.4
8403,8.3
8404,7.9
8405,7.4
8406,7.5
8407,7.8
8408,7.8
8409,8.4
8410,9.9
8411,9.2
8412,9.6
8413,9.6
8414,9.7
8415,9.3
8416,8.9
8417,8.3
8418,7.4
8419,7.8
8420,6.6
8421,5
8422,4.6
8423,4.4
8424,3.3
8425,3.5
8426,5.8
8427,4
8428,3.3
8429,3.2
8430,5.1
8431,8.8
8432,9.2
8433,9.7
8434,9.2
8435,7.9
8436,9.7
8437,9.4
8438,9.7
8439,8.6
8440,8.9
8441,9.1
8442,8.6
8443,8.1
8444,7.9
8445,7.3
8446,6.8
8447,6.7
8448,6.4
8449,6
8450,6.6
8451,6.8
8452,6.6
8453,6.7
8454,7.1
8455,7.4
8456,8.2
8457
8458
8459
8460
8461,11
8462,10.4
8463,10.3
8464,10.3
8465,9.6
8466,8
8467,6.6
8468,6.1
8469,5
8470,4.2
8471,4.9
8472,6.9
8473,6.8
8474,7.5
8475,6.3
8476,6.4
8477,6.6
8478,6.8
8479,6.7
8480,6.9
8481,7.2
8482,7.9
8483,8.4
8484,8.9
8485,8.5
8486,9.1
8487,9.1
8488,8.9
8489,7.8
8490,4.7
8491,4.9
8492,3.1
8493,3.9
8494,6.1
8495,6
8496,5.1
8497,6.2
8498,4
8499,2.9
8500,4.7
8501,2.3
8502,5.3
8503,6.6
8504,7.1
8505,7.3
8506,7.9
8507,8.4
8508,8.6
8509,8.5
8510,8.7
8511,8.5
8512,8.3
8513,7.9
8514,7.7
8515,5.5
8516,5.6
8517,5.7
8518,5.4
8519,5.3
8520,5.3
8521,5.3
8522,5.4
8523,5.5
8524,5.5
8525,5.5
8526,5.7
8527,5.9
8528,6.4
8529,6.7
8530,7.8
8531,7.5
8532,7.5
8533,8.3
8534,8.3
8535,8
8536,7.9
8537,7.1
8538,5.9
8539,6.1
8540,6.4
8541,6.2
8542,6.2
8543,5.6
8544,5.4
8545,4.9
8546,4
8547,1.9
8548,3.4
8549,3.3
8550,3.2
8551,4.8
8552,6.5
8553,8.1
8554,8.4
8555,8.1
8556,8.6
8557,8.8
8558,8.2
8559,7.7
8560,8.3
8561,7.2
8562,6.4
8563,4.6
8564,2.4
8565,1.4
8566,1
8567,1.3
8568,2.9
8569,1.1
8570,0.1
8571,-0.4
8572,-1
8573,-0.7
8574,-0.8
8575,0.7
8576,7.4
8577,9.1
8578,9.2
8579,9.1
8580,9.9
8581,9.7
8582,9.5
8583,9.3
8584,8.9
8585,8.1
8586,4.4
8587,2.5
8588,1.7
8589,2.1
8590,3
8591,3.1
8592,3.1
8593,3.5
8594,4.1
8595,3.7
8596,3.8
8597,4
8598,3.3
8599,4.9
8600,5.9
8601,7.5
8602,8.8
8603,8.8
8604,8.8
8605,8.7
8606,9.3
8607,8.7
8608,8.3
8609,7.7
8610,5.2
8611,4.1
8612,2.8
8613,1.7
8614,1
8615,0.2
8616,-0.5
8617,-1
8618,-0.7
8619,-1.2
8620,-0.1
8621,-0.6
8622,-0.9
8623,0.8
8624,2.9
8625,5.9
8626,6.4
8627,7.4
8628,9.1
8629,9.2
8630,9.9
8631,9.5
8632,8.7
8633,8
8634,5.1
8635,3.5
8636,3.2
8637,2.8
8638,3.1
8639,4.8
8640,5.3
8641,5.3
8642,4.1
8643,9.5
8644,9.5
8645,9.5
8646,9.4
8647,9.6
8648,9.8
8649,10.2
8650,10.7
8651,10.6
8652,11.1
8653,11.1
8654,11.7
8655,11.8
8656,11
8657,10.4
8658,9.3
8659,8
8660,7.2
8661,7
8662,5.9
8663,5.5
8664,5.2
8665,4.6
8666,4.8
8667,6
8668,6.2
8669,6.3
8670,6.5
8671,7.3
8672,8.7
8673,11.1
8674,11.6
8675,12
8676,12.4
8677,12.6
8678,11.9
8679,11.3
8680,10.9
8681,10.3
8682,7.1
8683,5.7
8684,4.8
8685,3.9
8686,3.2
8687,2.6
8688,2.2
8689,2.4
8690,2.2
8691,1.9
8692,2
8693,1.5
8694,1.4
8695,2.3
8696,4.5
8697,6.3
8698,8.8
8699,11
8700,12.5
8701,13.1
8702,12.9
8703,12
8704,11.3
8705,9.4
8706,9.7
8707,7.5
8708,6.3
8709,5.3
8710,4.7
8711,4
8712,4.1
8713,4.5
8714,4.2
8715,5
8716,5.3
8717,5.4
8718,5.6
8719,6.2
8720,6.8
8721,7.5
8722,8.3
8723,9.2
8724,9.7
8725,1
8726,11
8727,11.2
8728,10.8
8729,10.4
8730,9.6
8731,9.7
8732,9.8
8733,10.1
8734,10.2
8735,10.1
8736,9.7
8737,9.7
8738,1
8739,10.1
8740,9.8
8741,9.8
8742,9.8
8743,1
8744,10.2
8745,10.6
8746,10.7
8747,10.7
8748,10.2
8749,10.1
8750,9.8
8751,10.3
8752,8.8
8753,8
8754,8
8755,7.9
8756,7.6
8757,8.1
8758,8.2
8759,8
8760,8.2
8761,8.4
